"Station Pressure, lat=40.0700, lon=116.5800 [ZBAA]"
"Station: ZBAA"
"Time Period (UTC+8): 20190101-20200216"
"Time","Height","Pascal","Source","Status","Method ID"
2019/01/01 02:00:00,30.0000,103710.000000,"GTS_AAXX",0,0
2019/01/01 08:00:00,30.0000,103710.000000,"GTS_AAXX",0,0
2019/01/01 14:00:00,30.0000,103410.000000,"GTS_AAXX",0,0
2019/01/01 20:00:00,30.0000,103490.000000,"GTS_AAXX",0,0
2019/01/02 02:00:00,30.0000,103550.000000,"GTS_AAXX",0,0
2019/01/02 08:00:00,30.0000,103460.000000,"GTS_AAXX",0,0
2019/01/02 14:00:00,30.0000,103100.000000,"GTS_AAXX",0,0
2019/01/02 20:00:00,30.0000,103140.000000,"GTS_AAXX",0,0
2019/01/03 02:00:00,30.0000,103140.000000,"GTS_AAXX",0,0
2019/01/03 08:00:00,30.0000,103080.000000,"GTS_AAXX",0,0
2019/01/03 14:00:00,30.0000,102860.000000,"GTS_AAXX",0,0
2019/01/03 20:00:00,30.0000,103010.000000,"GTS_AAXX",0,0
2019/01/04 02:00:00,30.0000,103090.000000,"GTS_AAXX",0,0
2019/01/04 08:00:00,30.0000,103160.000000,"GTS_AAXX",0,0
2019/01/04 14:00:00,30.0000,102980.000000,"GTS_AAXX",0,0
2019/01/04 20:00:00,30.0000,102970.000000,"GTS_AAXX",0,0
2019/01/05 02:00:00,30.0000,103070.000000,"GTS_AAXX",0,0
2019/01/05 08:00:00,30.0000,103130.000000,"GTS_AAXX",0,0
2019/01/05 14:00:00,30.0000,102830.000000,"GTS_AAXX",0,0
2019/01/05 20:00:00,30.0000,102890.000000,"GTS_AAXX",0,0
2019/01/06 02:00:00,30.0000,102880.000000,"GTS_AAXX",0,0
2019/01/06 08:00:00,30.0000,102820.000000,"GTS_AAXX",0,0
2019/01/06 14:00:00,30.0000,102560.000000,"GTS_AAXX",0,0
2019/01/06 20:00:00,30.0000,102730.000000,"GTS_AAXX",0,0
2019/01/07 02:00:00,30.0000,102840.000000,"GTS_AAXX",0,0
2019/01/07 08:00:00,30.0000,102840.000000,"GTS_AAXX",0,0
2019/01/07 14:00:00,30.0000,102710.000000,"GTS_AAXX",0,0
2019/01/07 20:00:00,30.0000,102890.000000,"GTS_AAXX",0,0
2019/01/08 02:00:00,30.0000,103090.000000,"GTS_AAXX",0,0
2019/01/08 08:00:00,30.0000,103430.000000,"GTS_AAXX",0,0
2019/01/08 14:00:00,30.0000,103380.000000,"GTS_AAXX",0,0
2019/01/08 20:00:00,30.0000,103460.000000,"GTS_AAXX",0,0
2019/01/09 02:00:00,30.0000,103480.000000,"GTS_AAXX",0,0
2019/01/09 08:00:00,30.0000,103240.000000,"GTS_AAXX",0,0
2019/01/09 14:00:00,30.0000,102690.000000,"GTS_AAXX",0,0
2019/01/09 20:00:00,30.0000,102540.000000,"GTS_AAXX",0,0
2019/01/10 02:00:00,30.0000,102360.000000,"GTS_AAXX",0,0
2019/01/10 08:00:00,30.0000,102300.000000,"GTS_AAXX",0,0
2019/01/10 14:00:00,30.0000,102030.000000,"GTS_AAXX",0,0
2019/01/10 20:00:00,30.0000,102080.000000,"GTS_AAXX",0,0
2019/01/11 02:00:00,30.0000,102180.000000,"GTS_AAXX",0,0
2019/01/11 08:00:00,30.0000,102090.000000,"GTS_AAXX",0,0
2019/01/11 14:00:00,30.0000,101860.000000,"GTS_AAXX",0,0
2019/01/11 20:00:00,30.0000,101870.000000,"GTS_AAXX",0,0
2019/01/12 02:00:00,30.0000,101900.000000,"GTS_AAXX",0,0
2019/01/12 08:00:00,30.0000,101980.000000,"GTS_AAXX",0,0
2019/01/12 14:00:00,30.0000,101810.000000,"GTS_AAXX",0,0
2019/01/12 20:00:00,30.0000,102110.000000,"GTS_AAXX",0,0
2019/01/13 02:00:00,30.0000,102320.000000,"GTS_AAXX",0,0
2019/01/13 08:00:00,30.0000,102440.000000,"GTS_AAXX",0,0
2019/01/13 14:00:00,30.0000,102310.000000,"GTS_AAXX",0,0
2019/01/13 20:00:00,30.0000,102430.000000,"GTS_AAXX",0,0
2019/01/14 02:00:00,30.0000,102500.000000,"GTS_AAXX",0,0
2019/01/14 08:00:00,30.0000,102390.000000,"GTS_AAXX",0,0
2019/01/14 14:00:00,30.0000,102050.000000,"GTS_AAXX",0,0
2019/01/14 20:00:00,30.0000,102430.000000,"GTS_AAXX",0,0
2019/01/15 02:00:00,30.0000,103270.000000,"GTS_AAXX",0,0
2019/01/15 08:00:00,30.0000,103660.000000,"GTS_AAXX",0,0
2019/01/15 14:00:00,30.0000,103280.000000,"GTS_AAXX",0,0
2019/01/15 20:00:00,30.0000,103240.000000,"GTS_AAXX",0,0
2019/01/16 02:00:00,30.0000,102920.000000,"GTS_AAXX",0,0
2019/01/16 08:00:00,30.0000,102640.000000,"GTS_AAXX",0,0
2019/01/16 14:00:00,30.0000,102240.000000,"GTS_AAXX",0,0
2019/01/16 20:00:00,30.0000,102160.000000,"GTS_AAXX",0,0
2019/01/17 02:00:00,30.0000,102150.000000,"GTS_AAXX",0,0
2019/01/17 08:00:00,30.0000,102200.000000,"GTS_AAXX",0,0
2019/01/17 14:00:00,30.0000,102070.000000,"GTS_AAXX",0,0
2019/01/17 20:00:00,30.0000,102150.000000,"GTS_AAXX",0,0
2019/01/18 02:00:00,30.0000,102150.000000,"GTS_AAXX",0,0
2019/01/18 08:00:00,30.0000,102160.000000,"GTS_AAXX",0,0
2019/01/18 14:00:00,30.0000,101920.000000,"GTS_AAXX",0,0
2019/01/18 20:00:00,30.0000,102040.000000,"GTS_AAXX",0,0
2019/01/19 02:00:00,30.0000,102280.000000,"GTS_AAXX",0,0
2019/01/19 08:00:00,30.0000,102450.000000,"GTS_AAXX",0,0
2019/01/19 14:00:00,30.0000,102260.000000,"GTS_AAXX",0,0
2019/01/19 20:00:00,30.0000,102420.000000,"GTS_AAXX",0,0
2019/01/20 02:00:00,30.0000,102800.000000,"GTS_AAXX",0,0
2019/01/20 08:00:00,30.0000,103040.000000,"GTS_AAXX",0,0
2019/01/20 14:00:00,30.0000,102790.000000,"GTS_AAXX",0,0
2019/01/20 20:00:00,30.0000,102590.000000,"GTS_AAXX",0,0
2019/01/21 02:00:00,30.0000,102320.000000,"GTS_AAXX",0,0
2019/01/21 08:00:00,30.0000,102180.000000,"GTS_AAXX",0,0
2019/01/21 14:00:00,30.0000,101820.000000,"GTS_AAXX",0,0
2019/01/21 20:00:00,30.0000,101750.000000,"GTS_AAXX",0,0
2019/01/22 02:00:00,30.0000,101650.000000,"GTS_AAXX",0,0
2019/01/22 08:00:00,30.0000,101560.000000,"GTS_AAXX",0,0
2019/01/22 14:00:00,30.0000,101420.000000,"GTS_AAXX",0,0
2019/01/22 20:00:00,30.0000,101560.000000,"GTS_AAXX",0,0
2019/01/23 02:00:00,30.0000,101780.000000,"GTS_AAXX",0,0
2019/01/23 08:00:00,30.0000,102010.000000,"GTS_AAXX",0,0
2019/01/23 14:00:00,30.0000,102000.000000,"GTS_AAXX",0,0
2019/01/23 20:00:00,30.0000,102110.000000,"GTS_AAXX",0,0
2019/01/24 02:00:00,30.0000,102330.000000,"GTS_AAXX",0,0
2019/01/24 08:00:00,30.0000,102270.000000,"GTS_AAXX",0,0
2019/01/24 14:00:00,30.0000,102070.000000,"GTS_AAXX",0,0
2019/01/24 20:00:00,30.0000,102420.000000,"GTS_AAXX",0,0
2019/01/25 02:00:00,30.0000,102970.000000,"GTS_AAXX",0,0
2019/01/25 08:00:00,30.0000,103340.000000,"GTS_AAXX",0,0
2019/01/25 14:00:00,30.0000,103250.000000,"GTS_AAXX",0,0
2019/01/25 20:00:00,30.0000,103320.000000,"GTS_AAXX",0,0
2019/01/26 02:00:00,30.0000,103480.000000,"GTS_AAXX",0,0
2019/01/26 08:00:00,30.0000,103420.000000,"GTS_AAXX",0,0
2019/01/26 14:00:00,30.0000,102990.000000,"GTS_AAXX",0,0
2019/01/26 20:00:00,30.0000,102680.000000,"GTS_AAXX",0,0
2019/01/27 02:00:00,30.0000,102430.000000,"GTS_AAXX",0,0
2019/01/27 08:00:00,30.0000,102180.000000,"GTS_AAXX",0,0
2019/01/27 14:00:00,30.0000,101840.000000,"GTS_AAXX",0,0
2019/01/27 20:00:00,30.0000,102120.000000,"GTS_AAXX",0,0
2019/01/28 02:00:00,30.0000,102410.000000,"GTS_AAXX",0,0
2019/01/28 08:00:00,30.0000,102550.000000,"GTS_AAXX",0,0
2019/01/28 14:00:00,30.0000,102340.000000,"GTS_AAXX",0,0
2019/01/28 20:00:00,30.0000,102310.000000,"GTS_AAXX",0,0
2019/01/29 02:00:00,30.0000,102250.000000,"GTS_AAXX",0,0
2019/01/29 08:00:00,30.0000,102170.000000,"GTS_AAXX",0,0
2019/01/29 14:00:00,30.0000,101850.000000,"GTS_AAXX",0,0
2019/01/29 20:00:00,30.0000,101940.000000,"GTS_AAXX",0,0
2019/01/30 02:00:00,30.0000,102160.000000,"GTS_AAXX",0,0
2019/01/30 08:00:00,30.0000,102640.000000,"GTS_AAXX",0,0
2019/01/30 14:00:00,30.0000,102800.000000,"GTS_AAXX",0,0
2019/01/30 20:00:00,30.0000,103010.000000,"GTS_AAXX",0,0
2019/01/31 02:00:00,30.0000,103110.000000,"GTS_AAXX",0,0
2019/01/31 08:00:00,30.0000,103140.000000,"GTS_AAXX",0,0
2019/01/31 14:00:00,30.0000,102550.000000,"GTS_AAXX",0,0
2019/01/31 20:00:00,30.0000,102410.000000,"GTS_AAXX",0,0
2019/02/01 02:00:00,30.0000,102160.000000,"GTS_AAXX",0,0
2019/02/01 08:00:00,30.0000,101910.000000,"GTS_AAXX",0,0
2019/02/01 14:00:00,30.0000,101380.000000,"GTS_AAXX",0,0
2019/02/01 20:00:00,30.0000,101130.000000,"GTS_AAXX",0,0
2019/02/02 02:00:00,30.0000,101040.000000,"GTS_AAXX",0,0
2019/02/02 08:00:00,30.0000,100920.000000,"GTS_AAXX",0,0
2019/02/02 14:00:00,30.0000,100770.000000,"GTS_AAXX",0,0
2019/02/02 20:00:00,30.0000,101110.000000,"GTS_AAXX",0,0
2019/02/03 02:00:00,30.0000,101420.000000,"GTS_AAXX",0,0
2019/02/03 08:00:00,30.0000,101740.000000,"GTS_AAXX",0,0
2019/02/03 14:00:00,30.0000,101580.000000,"GTS_AAXX",0,0
2019/02/03 20:00:00,30.0000,102150.000000,"GTS_AAXX",0,0
2019/02/04 02:00:00,30.0000,102230.000000,"GTS_AAXX",0,0
2019/02/04 08:00:00,30.0000,102170.000000,"GTS_AAXX",0,0
2019/02/04 14:00:00,30.0000,101490.000000,"GTS_AAXX",0,0
2019/02/04 20:00:00,30.0000,101470.000000,"GTS_AAXX",0,0
2019/02/05 02:00:00,30.0000,101450.000000,"GTS_AAXX",0,0
2019/02/05 08:00:00,30.0000,101470.000000,"GTS_AAXX",0,0
2019/02/05 14:00:00,30.0000,101230.000000,"GTS_AAXX",0,0
2019/02/05 20:00:00,30.0000,101320.000000,"GTS_AAXX",0,0
2019/02/06 02:00:00,30.0000,101450.000000,"GTS_AAXX",0,0
2019/02/06 08:00:00,30.0000,101730.000000,"GTS_AAXX",0,0
2019/02/06 14:00:00,30.0000,101670.000000,"GTS_AAXX",0,0
2019/02/06 20:00:00,30.0000,102180.000000,"GTS_AAXX",0,0
2019/02/07 02:00:00,30.0000,103000.000000,"GTS_AAXX",0,0
2019/02/07 08:00:00,30.0000,103250.000000,"GTS_AAXX",0,0
2019/02/07 14:00:00,30.0000,103000.000000,"GTS_AAXX",0,0
2019/02/07 20:00:00,30.0000,103110.000000,"GTS_AAXX",0,0
2019/02/08 02:00:00,30.0000,103030.000000,"GTS_AAXX",0,0
2019/02/08 08:00:00,30.0000,102950.000000,"GTS_AAXX",0,0
2019/02/08 14:00:00,30.0000,102490.000000,"GTS_AAXX",0,0
2019/02/08 20:00:00,30.0000,102610.000000,"GTS_AAXX",0,0
2019/02/09 02:00:00,30.0000,103170.000000,"GTS_AAXX",0,0
2019/02/09 08:00:00,30.0000,103540.000000,"GTS_AAXX",0,0
2019/02/09 14:00:00,30.0000,103320.000000,"GTS_AAXX",0,0
2019/02/09 20:00:00,30.0000,103360.000000,"GTS_AAXX",0,0
2019/02/10 02:00:00,30.0000,103300.000000,"GTS_AAXX",0,0
2019/02/10 08:00:00,30.0000,103300.000000,"GTS_AAXX",0,0
2019/02/10 14:00:00,30.0000,102940.000000,"GTS_AAXX",0,0
2019/02/10 20:00:00,30.0000,102840.000000,"GTS_AAXX",0,0
2019/02/11 02:00:00,30.0000,102670.000000,"GTS_AAXX",0,0
2019/02/11 08:00:00,30.0000,102900.000000,"GTS_AAXX",0,0
2019/02/11 14:00:00,30.0000,102720.000000,"GTS_AAXX",0,0
2019/02/11 20:00:00,30.0000,102880.000000,"GTS_AAXX",0,0
2019/02/12 02:00:00,30.0000,103070.000000,"GTS_AAXX",0,0
2019/02/12 14:00:00,30.0000,103250.000000,"GTS_AAXX",0,0
2019/02/12 20:00:00,30.0000,103390.000000,"GTS_AAXX",0,0
2019/02/13 02:00:00,30.0000,103490.000000,"GTS_AAXX",0,0
2019/02/13 08:00:00,30.0000,103670.000000,"GTS_AAXX",0,0
2019/02/13 14:00:00,30.0000,103340.000000,"GTS_AAXX",0,0
2019/02/13 20:00:00,30.0000,103360.000000,"GTS_AAXX",0,0
2019/02/14 02:00:00,30.0000,103360.000000,"GTS_AAXX",0,0
2019/02/14 08:00:00,30.0000,103260.000000,"GTS_AAXX",0,0
2019/02/14 14:00:00,30.0000,102740.000000,"GTS_AAXX",0,0
2019/02/14 20:00:00,30.0000,102600.000000,"GTS_AAXX",0,0
2019/02/15 02:00:00,30.0000,102410.000000,"GTS_AAXX",0,0
2019/02/15 08:00:00,30.0000,102710.000000,"GTS_AAXX",0,0
2019/02/15 14:00:00,30.0000,102520.000000,"GTS_AAXX",0,0
2019/02/15 20:00:00,30.0000,102770.000000,"GTS_AAXX",0,0
2019/02/16 02:00:00,30.0000,102970.000000,"GTS_AAXX",0,0
2019/02/16 08:00:00,30.0000,103100.000000,"GTS_AAXX",0,0
2019/02/16 14:00:00,30.0000,102800.000000,"GTS_AAXX",0,0
2019/02/16 20:00:00,30.0000,102770.000000,"GTS_AAXX",0,0
2019/02/17 02:00:00,30.0000,102920.000000,"GTS_AAXX",0,0
2019/02/17 08:00:00,30.0000,102790.000000,"GTS_AAXX",0,0
2019/02/17 14:00:00,30.0000,102370.000000,"GTS_AAXX",0,0
2019/02/17 20:00:00,30.0000,102230.000000,"GTS_AAXX",0,0
2019/02/18 02:00:00,30.0000,102120.000000,"GTS_AAXX",0,0
2019/02/18 08:00:00,30.0000,102050.000000,"GTS_AAXX",0,0
2019/02/18 14:00:00,30.0000,101770.000000,"GTS_AAXX",0,0
2019/02/18 20:00:00,30.0000,101730.000000,"GTS_AAXX",0,0
2019/02/19 02:00:00,30.0000,101680.000000,"GTS_AAXX",0,0
2019/02/19 08:00:00,30.0000,101700.000000,"GTS_AAXX",0,0
2019/02/19 14:00:00,30.0000,101580.000000,"GTS_AAXX",0,0
2019/02/19 20:00:00,30.0000,101950.000000,"GTS_AAXX",0,0
2019/02/20 02:00:00,30.0000,102300.000000,"GTS_AAXX",0,0
2019/02/20 08:00:00,30.0000,102520.000000,"GTS_AAXX",0,0
2019/02/20 14:00:00,30.0000,102460.000000,"GTS_AAXX",0,0
2019/02/20 20:00:00,30.0000,102610.000000,"GTS_AAXX",0,0
2019/02/21 02:00:00,30.0000,102710.000000,"GTS_AAXX",0,0
2019/02/21 08:00:00,30.0000,102610.000000,"GTS_AAXX",0,0
2019/02/21 14:00:00,30.0000,102300.000000,"GTS_AAXX",0,0
2019/02/21 20:00:00,30.0000,102180.000000,"GTS_AAXX",0,0
2019/02/22 02:00:00,30.0000,102150.000000,"GTS_AAXX",0,0
2019/02/22 08:00:00,30.0000,102160.000000,"GTS_AAXX",0,0
2019/02/22 14:00:00,30.0000,102150.000000,"GTS_AAXX",0,0
2019/02/22 20:00:00,30.0000,102360.000000,"GTS_AAXX",0,0
2019/02/23 02:00:00,30.0000,102490.000000,"GTS_AAXX",0,0
2019/02/23 08:00:00,30.0000,102470.000000,"GTS_AAXX",0,0
2019/02/23 14:00:00,30.0000,102070.000000,"GTS_AAXX",0,0
2019/02/23 20:00:00,30.0000,101940.000000,"GTS_AAXX",0,0
2019/02/24 02:00:00,30.0000,101900.000000,"GTS_AAXX",0,0
2019/02/24 08:00:00,30.0000,102010.000000,"GTS_AAXX",0,0
2019/02/24 14:00:00,30.0000,101790.000000,"GTS_AAXX",0,0
2019/02/24 20:00:00,30.0000,101910.000000,"GTS_AAXX",0,0
2019/02/25 02:00:00,30.0000,102230.000000,"GTS_AAXX",0,0
2019/02/25 08:00:00,30.0000,102400.000000,"GTS_AAXX",0,0
2019/02/25 14:00:00,30.0000,102170.000000,"GTS_AAXX",0,0
2019/02/25 20:00:00,30.0000,102160.000000,"GTS_AAXX",0,0
2019/02/26 02:00:00,30.0000,102340.000000,"GTS_AAXX",0,0
2019/02/26 08:00:00,30.0000,102380.000000,"GTS_AAXX",0,0
2019/02/26 14:00:00,30.0000,102190.000000,"GTS_AAXX",0,0
2019/02/26 20:00:00,30.0000,102160.000000,"GTS_AAXX",0,0
2019/02/27 02:00:00,30.0000,102100.000000,"GTS_AAXX",0,0
2019/02/27 08:00:00,30.0000,102030.000000,"GTS_AAXX",0,0
2019/02/27 14:00:00,30.0000,101630.000000,"GTS_AAXX",0,0
2019/02/27 20:00:00,30.0000,101640.000000,"GTS_AAXX",0,0
2019/02/28 02:00:00,30.0000,101700.000000,"GTS_AAXX",0,0
2019/02/28 08:00:00,30.0000,101720.000000,"GTS_AAXX",0,0
2019/02/28 14:00:00,30.0000,101510.000000,"GTS_AAXX",0,0
2019/02/28 20:00:00,30.0000,101610.000000,"GTS_AAXX",0,0
2019/03/01 02:00:00,30.0000,101790.000000,"GTS_AAXX",0,0
2019/03/01 08:00:00,30.0000,102010.000000,"GTS_AAXX",0,0
2019/03/01 14:00:00,30.0000,101800.000000,"GTS_AAXX",0,0
2019/03/01 20:00:00,30.0000,101770.000000,"GTS_AAXX",0,0
2019/03/02 02:00:00,30.0000,101660.000000,"GTS_AAXX",0,0
2019/03/02 08:00:00,30.0000,101590.000000,"GTS_AAXX",0,0
2019/03/02 14:00:00,30.0000,101190.000000,"GTS_AAXX",0,0
2019/03/02 20:00:00,30.0000,101170.000000,"GTS_AAXX",0,0
2019/03/03 02:00:00,30.0000,101070.000000,"GTS_AAXX",0,0
2019/03/03 08:00:00,30.0000,101010.000000,"GTS_AAXX",0,0
2019/03/03 14:00:00,30.0000,100740.000000,"GTS_AAXX",0,0
2019/03/03 20:00:00,30.0000,100780.000000,"GTS_AAXX",0,0
2019/03/04 02:00:00,30.0000,100900.000000,"GTS_AAXX",0,0
2019/03/04 08:00:00,30.0000,101120.000000,"GTS_AAXX",0,0
2019/03/04 14:00:00,30.0000,101000.000000,"GTS_AAXX",0,0
2019/03/04 20:00:00,30.0000,101140.000000,"GTS_AAXX",0,0
2019/03/05 02:00:00,30.0000,101220.000000,"GTS_AAXX",0,0
2019/03/05 08:00:00,30.0000,101420.000000,"GTS_AAXX",0,0
2019/03/05 14:00:00,30.0000,101230.000000,"GTS_AAXX",0,0
2019/03/05 20:00:00,30.0000,101580.000000,"GTS_AAXX",0,0
2019/03/06 02:00:00,30.0000,101880.000000,"GTS_AAXX",0,0
2019/03/06 08:00:00,30.0000,102250.000000,"GTS_AAXX",0,0
2019/03/06 14:00:00,30.0000,102350.000000,"GTS_AAXX",0,0
2019/03/06 20:00:00,30.0000,102490.000000,"GTS_AAXX",0,0
2019/03/07 02:00:00,30.0000,102630.000000,"GTS_AAXX",0,0
2019/03/07 08:00:00,30.0000,102610.000000,"GTS_AAXX",0,0
2019/03/07 14:00:00,30.0000,102150.000000,"GTS_AAXX",0,0
2019/03/07 20:00:00,30.0000,101960.000000,"GTS_AAXX",0,0
2019/03/08 02:00:00,30.0000,101900.000000,"GTS_AAXX",0,0
2019/03/08 08:00:00,30.0000,101870.000000,"GTS_AAXX",0,0
2019/03/08 14:00:00,30.0000,101530.000000,"GTS_AAXX",0,0
2019/03/08 20:00:00,30.0000,101420.000000,"GTS_AAXX",0,0
2019/03/09 02:00:00,30.0000,101400.000000,"GTS_AAXX",0,0
2019/03/09 08:00:00,30.0000,101350.000000,"GTS_AAXX",0,0
2019/03/09 14:00:00,30.0000,101280.000000,"GTS_AAXX",0,0
2019/03/09 20:00:00,30.0000,101440.000000,"GTS_AAXX",0,0
2019/03/10 02:00:00,30.0000,101530.000000,"GTS_AAXX",0,0
2019/03/10 08:00:00,30.0000,101500.000000,"GTS_AAXX",0,0
2019/03/10 14:00:00,30.0000,101100.000000,"GTS_AAXX",0,0
2019/03/10 20:00:00,30.0000,101090.000000,"GTS_AAXX",0,0
2019/03/11 02:00:00,30.0000,101050.000000,"GTS_AAXX",0,0
2019/03/11 08:00:00,30.0000,100940.000000,"GTS_AAXX",0,0
2019/03/11 14:00:00,30.0000,100630.000000,"GTS_AAXX",0,0
2019/03/11 20:00:00,30.0000,100870.000000,"GTS_AAXX",0,0
2019/03/12 02:00:00,30.0000,101390.000000,"GTS_AAXX",0,0
2019/03/12 08:00:00,30.0000,101580.000000,"GTS_AAXX",0,0
2019/03/12 14:00:00,30.0000,101270.000000,"GTS_AAXX",0,0
2019/03/12 20:00:00,30.0000,101450.000000,"GTS_AAXX",0,0
2019/03/13 02:00:00,30.0000,101700.000000,"GTS_AAXX",0,0
2019/03/13 08:00:00,30.0000,101890.000000,"GTS_AAXX",0,0
2019/03/13 14:00:00,30.0000,101490.000000,"GTS_AAXX",0,0
2019/03/13 20:00:00,30.0000,101600.000000,"GTS_AAXX",0,0
2019/03/14 02:00:00,30.0000,101820.000000,"GTS_AAXX",0,0
2019/03/14 08:00:00,30.0000,101820.000000,"GTS_AAXX",0,0
2019/03/14 14:00:00,30.0000,101530.000000,"GTS_AAXX",0,0
2019/03/14 20:00:00,30.0000,101670.000000,"GTS_AAXX",0,0
2019/03/15 02:00:00,30.0000,101850.000000,"GTS_AAXX",0,0
2019/03/15 08:00:00,30.0000,102200.000000,"GTS_AAXX",0,0
2019/03/15 14:00:00,30.0000,101790.000000,"GTS_AAXX",0,0
2019/03/15 20:00:00,30.0000,101450.000000,"GTS_AAXX",0,0
2019/03/16 02:00:00,30.0000,101400.000000,"GTS_AAXX",0,0
2019/03/16 08:00:00,30.0000,101520.000000,"GTS_AAXX",0,0
2019/03/16 14:00:00,30.0000,101270.000000,"GTS_AAXX",0,0
2019/03/16 20:00:00,30.0000,101600.000000,"GTS_AAXX",0,0
2019/03/17 02:00:00,30.0000,101960.000000,"GTS_AAXX",0,0
2019/03/17 08:00:00,30.0000,102030.000000,"GTS_AAXX",0,0
2019/03/17 14:00:00,30.0000,101480.000000,"GTS_AAXX",0,0
2019/03/17 20:00:00,30.0000,101250.000000,"GTS_AAXX",0,0
2019/03/18 02:00:00,30.0000,101010.000000,"GTS_AAXX",0,0
2019/03/18 08:00:00,30.0000,100830.000000,"GTS_AAXX",0,0
2019/03/18 14:00:00,30.0000,100400.000000,"GTS_AAXX",0,0
2019/03/18 20:00:00,30.0000,100280.000000,"GTS_AAXX",0,0
2019/03/19 02:00:00,30.0000,100350.000000,"GTS_AAXX",0,0
2019/03/19 08:00:00,30.0000,100480.000000,"GTS_AAXX",0,0
2019/03/19 14:00:00,30.0000,100170.000000,"GTS_AAXX",0,0
2019/03/19 20:00:00,30.0000,100120.000000,"GTS_AAXX",0,0
2019/03/20 02:00:00,30.0000,100040.000000,"GTS_AAXX",0,0
2019/03/20 08:00:00,30.0000,99910.000000,"GTS_AAXX",0,0
2019/03/20 14:00:00,30.0000,99740.000000,"GTS_AAXX",0,0
2019/03/20 20:00:00,30.0000,100360.000000,"GTS_AAXX",0,0
2019/03/21 02:00:00,30.0000,101200.000000,"GTS_AAXX",0,0
2019/03/21 08:00:00,30.0000,101740.000000,"GTS_AAXX",0,0
2019/03/21 14:00:00,30.0000,101760.000000,"GTS_AAXX",0,0
2019/03/21 20:00:00,30.0000,101920.000000,"GTS_AAXX",0,0
2019/03/22 02:00:00,30.0000,102140.000000,"GTS_AAXX",0,0
2019/03/22 08:00:00,30.0000,102160.000000,"GTS_AAXX",0,0
2019/03/22 14:00:00,30.0000,101700.000000,"GTS_AAXX",0,0
2019/03/22 20:00:00,30.0000,101820.000000,"GTS_AAXX",0,0
2019/03/23 02:00:00,30.0000,102500.000000,"GTS_AAXX",0,0
2019/03/23 08:00:00,30.0000,102780.000000,"GTS_AAXX",0,0
2019/03/23 14:00:00,30.0000,102300.000000,"GTS_AAXX",0,0
2019/03/23 20:00:00,30.0000,101940.000000,"GTS_AAXX",0,0
2019/03/24 02:00:00,30.0000,101620.000000,"GTS_AAXX",0,0
2019/03/24 08:00:00,30.0000,101360.000000,"GTS_AAXX",0,0
2019/03/24 14:00:00,30.0000,100660.000000,"GTS_AAXX",0,0
2019/03/24 20:00:00,30.0000,100520.000000,"GTS_AAXX",0,0
2019/03/25 02:00:00,30.0000,100610.000000,"GTS_AAXX",0,0
2019/03/25 08:00:00,30.0000,100760.000000,"GTS_AAXX",0,0
2019/03/25 14:00:00,30.0000,100560.000000,"GTS_AAXX",0,0
2019/03/25 20:00:00,30.0000,100790.000000,"GTS_AAXX",0,0
2019/03/26 02:00:00,30.0000,101050.000000,"GTS_AAXX",0,0
2019/03/26 08:00:00,30.0000,101220.000000,"GTS_AAXX",0,0
2019/03/26 14:00:00,30.0000,100870.000000,"GTS_AAXX",0,0
2019/03/26 20:00:00,30.0000,100760.000000,"GTS_AAXX",0,0
2019/03/27 02:00:00,30.0000,100810.000000,"GTS_AAXX",0,0
2019/03/27 08:00:00,30.0000,100950.000000,"GTS_AAXX",0,0
2019/03/27 14:00:00,30.0000,100730.000000,"GTS_AAXX",0,0
2019/03/27 20:00:00,30.0000,101430.000000,"GTS_AAXX",0,0
2019/03/28 02:00:00,30.0000,101670.000000,"GTS_AAXX",0,0
2019/03/28 08:00:00,30.0000,101710.000000,"GTS_AAXX",0,0
2019/03/28 14:00:00,30.0000,101410.000000,"GTS_AAXX",0,0
2019/03/28 20:00:00,30.0000,101340.000000,"GTS_AAXX",0,0
2019/03/29 02:00:00,30.0000,101190.000000,"GTS_AAXX",0,0
2019/03/29 08:00:00,30.0000,101040.000000,"GTS_AAXX",0,0
2019/03/29 14:00:00,30.0000,100820.000000,"GTS_AAXX",0,0
2019/03/29 20:00:00,30.0000,101290.000000,"GTS_AAXX",0,0
2019/03/30 02:00:00,30.0000,101450.000000,"GTS_AAXX",0,0
2019/03/30 08:00:00,30.0000,101780.000000,"GTS_AAXX",0,0
2019/03/30 14:00:00,30.0000,101730.000000,"GTS_AAXX",0,0
2019/03/30 20:00:00,30.0000,101930.000000,"GTS_AAXX",0,0
2019/03/31 02:00:00,30.0000,102150.000000,"GTS_AAXX",0,0
2019/03/31 08:00:00,30.0000,102200.000000,"GTS_AAXX",0,0
2019/03/31 14:00:00,30.0000,101640.000000,"GTS_AAXX",0,0
2019/03/31 20:00:00,30.0000,101700.000000,"GTS_AAXX",0,0
2019/04/01 02:00:00,30.0000,101990.000000,"GTS_AAXX",0,0
2019/04/01 08:00:00,30.0000,102200.000000,"GTS_AAXX",0,0
2019/04/01 14:00:00,30.0000,101820.000000,"GTS_AAXX",0,0
2019/04/01 20:00:00,30.0000,101630.000000,"GTS_AAXX",0,0
2019/04/02 02:00:00,30.0000,101730.000000,"GTS_AAXX",0,0
2019/04/02 08:00:00,30.0000,102130.000000,"GTS_AAXX",0,0
2019/04/02 14:00:00,30.0000,101870.000000,"GTS_AAXX",0,0
2019/04/02 20:00:00,30.0000,102000.000000,"GTS_AAXX",0,0
2019/04/03 02:00:00,30.0000,102380.000000,"GTS_AAXX",0,0
2019/04/03 08:00:00,30.0000,102350.000000,"GTS_AAXX",0,0
2019/04/03 14:00:00,30.0000,101730.000000,"GTS_AAXX",0,0
2019/04/03 20:00:00,30.0000,101400.000000,"GTS_AAXX",0,0
2019/04/04 02:00:00,30.0000,101210.000000,"GTS_AAXX",0,0
2019/04/04 08:00:00,30.0000,100880.000000,"GTS_AAXX",0,0
2019/04/04 14:00:00,30.0000,100140.000000,"GTS_AAXX",0,0
2019/04/04 20:00:00,30.0000,100310.000000,"GTS_AAXX",0,0
2019/04/05 02:00:00,30.0000,100800.000000,"GTS_AAXX",0,0
2019/04/05 08:00:00,30.0000,100910.000000,"GTS_AAXX",0,0
2019/04/05 14:00:00,30.0000,100470.000000,"GTS_AAXX",0,0
2019/04/05 20:00:00,30.0000,100570.000000,"GTS_AAXX",0,0
2019/04/06 02:00:00,30.0000,100690.000000,"GTS_AAXX",0,0
2019/04/06 08:00:00,30.0000,100780.000000,"GTS_AAXX",0,0
2019/04/06 14:00:00,30.0000,100630.000000,"GTS_AAXX",0,0
2019/04/06 20:00:00,30.0000,100730.000000,"GTS_AAXX",0,0
2019/04/07 02:00:00,30.0000,101010.000000,"GTS_AAXX",0,0
2019/04/07 08:00:00,30.0000,101060.000000,"GTS_AAXX",0,0
2019/04/07 14:00:00,30.0000,100580.000000,"GTS_AAXX",0,0
2019/04/07 20:00:00,30.0000,100780.000000,"GTS_AAXX",0,0
2019/04/08 02:00:00,30.0000,101150.000000,"GTS_AAXX",0,0
2019/04/08 08:00:00,30.0000,101610.000000,"GTS_AAXX",0,0
2019/04/08 14:00:00,30.0000,101440.000000,"GTS_AAXX",0,0
2019/04/08 20:00:00,30.0000,101550.000000,"GTS_AAXX",0,0
2019/04/09 02:00:00,30.0000,101600.000000,"GTS_AAXX",0,0
2019/04/09 08:00:00,30.0000,101910.000000,"GTS_AAXX",0,0
2019/04/09 14:00:00,30.0000,101720.000000,"GTS_AAXX",0,0
2019/04/09 20:00:00,30.0000,101700.000000,"GTS_AAXX",0,0
2019/04/10 02:00:00,30.0000,101710.000000,"GTS_AAXX",0,0
2019/04/10 08:00:00,30.0000,101740.000000,"GTS_AAXX",0,0
2019/04/10 14:00:00,30.0000,101280.000000,"GTS_AAXX",0,0
2019/04/10 20:00:00,30.0000,101120.000000,"GTS_AAXX",0,0
2019/04/11 02:00:00,30.0000,101080.000000,"GTS_AAXX",0,0
2019/04/11 08:00:00,30.0000,101290.000000,"GTS_AAXX",0,0
2019/04/11 14:00:00,30.0000,101090.000000,"GTS_AAXX",0,0
2019/04/11 20:00:00,30.0000,101130.000000,"GTS_AAXX",0,0
2019/04/12 02:00:00,30.0000,101130.000000,"GTS_AAXX",0,0
2019/04/12 08:00:00,30.0000,101220.000000,"GTS_AAXX",0,0
2019/04/12 14:00:00,30.0000,100790.000000,"GTS_AAXX",0,0
2019/04/12 20:00:00,30.0000,100720.000000,"GTS_AAXX",0,0
2019/04/13 02:00:00,30.0000,100760.000000,"GTS_AAXX",0,0
2019/04/13 08:00:00,30.0000,101010.000000,"GTS_AAXX",0,0
2019/04/13 14:00:00,30.0000,100910.000000,"GTS_AAXX",0,0
2019/04/13 20:00:00,30.0000,101220.000000,"GTS_AAXX",0,0
2019/04/14 02:00:00,30.0000,101630.000000,"GTS_AAXX",0,0
2019/04/14 08:00:00,30.0000,101830.000000,"GTS_AAXX",0,0
2019/04/14 14:00:00,30.0000,101430.000000,"GTS_AAXX",0,0
2019/04/14 20:00:00,30.0000,101150.000000,"GTS_AAXX",0,0
2019/04/15 02:00:00,30.0000,101060.000000,"GTS_AAXX",0,0
2019/04/15 08:00:00,30.0000,101050.000000,"GTS_AAXX",0,0
2019/04/15 14:00:00,30.0000,100600.000000,"GTS_AAXX",0,0
2019/04/15 20:00:00,30.0000,100500.000000,"GTS_AAXX",0,0
2019/04/16 02:00:00,30.0000,100420.000000,"GTS_AAXX",0,0
2019/04/16 08:00:00,30.0000,100550.000000,"GTS_AAXX",0,0
2019/04/16 14:00:00,30.0000,100260.000000,"GTS_AAXX",0,0
2019/04/16 20:00:00,30.0000,100230.000000,"GTS_AAXX",0,0
2019/04/17 02:00:00,30.0000,100180.000000,"GTS_AAXX",0,0
2019/04/17 08:00:00,30.0000,99900.000000,"GTS_AAXX",0,0
2019/04/17 14:00:00,30.0000,99370.000000,"GTS_AAXX",0,0
2019/04/17 20:00:00,30.0000,99380.000000,"GTS_AAXX",0,0
2019/04/18 02:00:00,30.0000,99970.000000,"GTS_AAXX",0,0
2019/04/18 08:00:00,30.0000,100950.000000,"GTS_AAXX",0,0
2019/04/18 14:00:00,30.0000,101070.000000,"GTS_AAXX",0,0
2019/04/18 20:00:00,30.0000,101390.000000,"GTS_AAXX",0,0
2019/04/19 02:00:00,30.0000,101670.000000,"GTS_AAXX",0,0
2019/04/19 08:00:00,30.0000,101750.000000,"GTS_AAXX",0,0
2019/04/19 14:00:00,30.0000,101440.000000,"GTS_AAXX",0,0
2019/04/19 20:00:00,30.0000,101200.000000,"GTS_AAXX",0,0
2019/04/20 02:00:00,30.0000,100970.000000,"GTS_AAXX",0,0
2019/04/20 08:00:00,30.0000,100940.000000,"GTS_AAXX",0,0
2019/04/20 14:00:00,30.0000,100780.000000,"GTS_AAXX",0,0
2019/04/20 20:00:00,30.0000,100860.000000,"GTS_AAXX",0,0
2019/04/21 02:00:00,30.0000,101110.000000,"GTS_AAXX",0,0
2019/04/21 08:00:00,30.0000,101300.000000,"GTS_AAXX",0,0
2019/04/21 14:00:00,30.0000,101050.000000,"GTS_AAXX",0,0
2019/04/21 20:00:00,30.0000,100930.000000,"GTS_AAXX",0,0
2019/04/22 02:00:00,30.0000,100950.000000,"GTS_AAXX",0,0
2019/04/22 08:00:00,30.0000,100930.000000,"GTS_AAXX",0,0
2019/04/22 14:00:00,30.0000,100570.000000,"GTS_AAXX",0,0
2019/04/22 20:00:00,30.0000,100440.000000,"GTS_AAXX",0,0
2019/04/23 02:00:00,30.0000,100430.000000,"GTS_AAXX",0,0
2019/04/23 08:00:00,30.0000,100480.000000,"GTS_AAXX",0,0
2019/04/23 14:00:00,30.0000,100320.000000,"GTS_AAXX",0,0
2019/04/23 20:00:00,30.0000,100340.000000,"GTS_AAXX",0,0
2019/04/24 02:00:00,30.0000,100420.000000,"GTS_AAXX",0,0
2019/04/24 08:00:00,30.0000,100660.000000,"GTS_AAXX",0,0
2019/04/24 14:00:00,30.0000,101010.000000,"GTS_AAXX",0,0
2019/04/24 20:00:00,30.0000,101180.000000,"GTS_AAXX",0,0
2019/04/25 02:00:00,30.0000,101330.000000,"GTS_AAXX",0,0
2019/04/25 08:00:00,30.0000,101450.000000,"GTS_AAXX",0,0
2019/04/25 14:00:00,30.0000,101240.000000,"GTS_AAXX",0,0
2019/04/25 20:00:00,30.0000,101120.000000,"GTS_AAXX",0,0
2019/04/26 02:00:00,30.0000,101440.000000,"GTS_AAXX",0,0
2019/04/26 08:00:00,30.0000,101850.000000,"GTS_AAXX",0,0
2019/04/26 14:00:00,30.0000,101650.000000,"GTS_AAXX",0,0
2019/04/26 20:00:00,30.0000,101610.000000,"GTS_AAXX",0,0
2019/04/27 02:00:00,30.0000,101650.000000,"GTS_AAXX",0,0
2019/04/27 08:00:00,30.0000,101750.000000,"GTS_AAXX",0,0
2019/04/27 14:00:00,30.0000,101810.000000,"GTS_AAXX",0,0
2019/04/27 20:00:00,30.0000,101700.000000,"GTS_AAXX",0,0
2019/04/28 02:00:00,30.0000,101610.000000,"GTS_AAXX",0,0
2019/04/28 08:00:00,30.0000,101580.000000,"GTS_AAXX",0,0
2019/04/28 14:00:00,30.0000,101270.000000,"GTS_AAXX",0,0
2019/04/28 20:00:00,30.0000,101160.000000,"GTS_AAXX",0,0
2019/04/29 02:00:00,30.0000,101020.000000,"GTS_AAXX",0,0
2019/04/29 08:00:00,30.0000,100990.000000,"GTS_AAXX",0,0
2019/04/29 14:00:00,30.0000,100610.000000,"GTS_AAXX",0,0
2019/04/29 20:00:00,30.0000,100580.000000,"GTS_AAXX",0,0
2019/04/30 02:00:00,30.0000,100520.000000,"GTS_AAXX",0,0
2019/04/30 08:00:00,30.0000,100740.000000,"GTS_AAXX",0,0
2019/04/30 14:00:00,30.0000,100700.000000,"GTS_AAXX",0,0
2019/04/30 20:00:00,30.0000,100770.000000,"GTS_AAXX",0,0
2019/05/01 02:00:00,30.0000,101000.000000,"GTS_AAXX",0,0
2019/05/01 08:00:00,30.0000,101240.000000,"GTS_AAXX",0,0
2019/05/01 14:00:00,30.0000,100920.000000,"GTS_AAXX",0,0
2019/05/01 20:00:00,30.0000,100790.000000,"GTS_AAXX",0,0
2019/05/02 02:00:00,30.0000,100880.000000,"GTS_AAXX",0,0
2019/05/02 08:00:00,30.0000,101020.000000,"GTS_AAXX",0,0
2019/05/02 14:00:00,30.0000,100780.000000,"GTS_AAXX",0,0
2019/05/02 20:00:00,30.0000,100790.000000,"GTS_AAXX",0,0
2019/05/03 02:00:00,30.0000,100920.000000,"GTS_AAXX",0,0
2019/05/03 08:00:00,30.0000,101240.000000,"GTS_AAXX",0,0
2019/05/03 14:00:00,30.0000,100940.000000,"GTS_AAXX",0,0
2019/05/03 20:00:00,30.0000,100870.000000,"GTS_AAXX",0,0
2019/05/04 02:00:00,30.0000,100910.000000,"GTS_AAXX",0,0
2019/05/04 08:00:00,30.0000,101010.000000,"GTS_AAXX",0,0
2019/05/04 14:00:00,30.0000,100710.000000,"GTS_AAXX",0,0
2019/05/04 20:00:00,30.0000,100770.000000,"GTS_AAXX",0,0
2019/05/05 02:00:00,30.0000,101050.000000,"GTS_AAXX",0,0
2019/05/05 08:00:00,30.0000,101870.000000,"GTS_AAXX",0,0
2019/05/05 14:00:00,30.0000,101900.000000,"GTS_AAXX",0,0
2019/05/05 20:00:00,30.0000,101940.000000,"GTS_AAXX",0,0
2019/05/06 02:00:00,30.0000,102230.000000,"GTS_AAXX",0,0
2019/05/06 08:00:00,30.0000,102250.000000,"GTS_AAXX",0,0
2019/05/06 14:00:00,30.0000,101680.000000,"GTS_AAXX",0,0
2019/05/06 20:00:00,30.0000,101370.000000,"GTS_AAXX",0,0
2019/05/07 02:00:00,30.0000,101310.000000,"GTS_AAXX",0,0
2019/05/07 08:00:00,30.0000,101350.000000,"GTS_AAXX",0,0
2019/05/07 14:00:00,30.0000,100830.000000,"GTS_AAXX",0,0
2019/05/07 20:00:00,30.0000,100640.000000,"GTS_AAXX",0,0
2019/05/08 02:00:00,30.0000,100550.000000,"GTS_AAXX",0,0
2019/05/08 08:00:00,30.0000,100540.000000,"GTS_AAXX",0,0
2019/05/08 14:00:00,30.0000,100260.000000,"GTS_AAXX",0,0
2019/05/08 20:00:00,30.0000,100200.000000,"GTS_AAXX",0,0
2019/05/09 02:00:00,30.0000,100290.000000,"GTS_AAXX",0,0
2019/05/09 08:00:00,30.0000,100480.000000,"GTS_AAXX",0,0
2019/05/09 14:00:00,30.0000,100230.000000,"GTS_AAXX",0,0
2019/05/09 20:00:00,30.0000,100190.000000,"GTS_AAXX",0,0
2019/05/10 02:00:00,30.0000,100200.000000,"GTS_AAXX",0,0
2019/05/10 08:00:00,30.0000,100400.000000,"GTS_AAXX",0,0
2019/05/10 14:00:00,30.0000,100240.000000,"GTS_AAXX",0,0
2019/05/10 20:00:00,30.0000,100380.000000,"GTS_AAXX",0,0
2019/05/11 02:00:00,30.0000,100620.000000,"GTS_AAXX",0,0
2019/05/11 08:00:00,30.0000,100820.000000,"GTS_AAXX",0,0
2019/05/11 14:00:00,30.0000,100480.000000,"GTS_AAXX",0,0
2019/05/11 20:00:00,30.0000,100500.000000,"GTS_AAXX",0,0
2019/05/12 02:00:00,30.0000,100760.000000,"GTS_AAXX",0,0
2019/05/12 08:00:00,30.0000,100670.000000,"GTS_AAXX",0,0
2019/05/12 14:00:00,30.0000,100600.000000,"GTS_AAXX",0,0
2019/05/12 20:00:00,30.0000,100860.000000,"GTS_AAXX",0,0
2019/05/13 02:00:00,30.0000,101030.000000,"GTS_AAXX",0,0
2019/05/13 08:00:00,30.0000,101040.000000,"GTS_AAXX",0,0
2019/05/13 14:00:00,30.0000,100540.000000,"GTS_AAXX",0,0
2019/05/13 20:00:00,30.0000,100310.000000,"GTS_AAXX",0,0
2019/05/14 02:00:00,30.0000,100310.000000,"GTS_AAXX",0,0
2019/05/14 08:00:00,30.0000,100540.000000,"GTS_AAXX",0,0
2019/05/14 14:00:00,30.0000,100290.000000,"GTS_AAXX",0,0
2019/05/14 20:00:00,30.0000,100360.000000,"GTS_AAXX",0,0
2019/05/15 02:00:00,30.0000,100350.000000,"GTS_AAXX",0,0
2019/05/15 08:00:00,30.0000,100360.000000,"GTS_AAXX",0,0
2019/05/15 14:00:00,30.0000,99950.000000,"GTS_AAXX",0,0
2019/05/15 20:00:00,30.0000,99850.000000,"GTS_AAXX",0,0
2019/05/16 02:00:00,30.0000,100000.000000,"GTS_AAXX",0,0
2019/05/16 08:00:00,30.0000,100240.000000,"GTS_AAXX",0,0
2019/05/16 14:00:00,30.0000,99970.000000,"GTS_AAXX",0,0
2019/05/16 20:00:00,30.0000,99940.000000,"GTS_AAXX",0,0
2019/05/17 02:00:00,30.0000,100040.000000,"GTS_AAXX",0,0
2019/05/17 08:00:00,30.0000,100190.000000,"GTS_AAXX",0,0
2019/05/17 14:00:00,30.0000,99980.000000,"GTS_AAXX",0,0
2019/05/17 20:00:00,30.0000,100120.000000,"GTS_AAXX",0,0
2019/05/18 02:00:00,30.0000,100550.000000,"GTS_AAXX",0,0
2019/05/18 08:00:00,30.0000,100570.000000,"GTS_AAXX",0,0
2019/05/18 14:00:00,30.0000,100500.000000,"GTS_AAXX",0,0
2019/05/18 20:00:00,30.0000,100350.000000,"GTS_AAXX",0,0
2019/05/19 02:00:00,30.0000,100260.000000,"GTS_AAXX",0,0
2019/05/19 08:00:00,30.0000,100250.000000,"GTS_AAXX",0,0
2019/05/19 14:00:00,30.0000,100420.000000,"GTS_AAXX",0,0
2019/05/19 20:00:00,30.0000,100940.000000,"GTS_AAXX",0,0
2019/05/20 02:00:00,30.0000,100830.000000,"GTS_AAXX",0,0
2019/05/20 08:00:00,30.0000,100760.000000,"GTS_AAXX",0,0
2019/05/20 14:00:00,30.0000,100500.000000,"GTS_AAXX",0,0
2019/05/20 20:00:00,30.0000,100340.000000,"GTS_AAXX",0,0
2019/05/21 02:00:00,30.0000,100380.000000,"GTS_AAXX",0,0
2019/05/21 08:00:00,30.0000,100350.000000,"GTS_AAXX",0,0
2019/05/21 14:00:00,30.0000,99950.000000,"GTS_AAXX",0,0
2019/05/21 20:00:00,30.0000,99910.000000,"GTS_AAXX",0,0
2019/05/22 02:00:00,30.0000,99970.000000,"GTS_AAXX",0,0
2019/05/22 08:00:00,30.0000,100030.000000,"GTS_AAXX",0,0
2019/05/22 14:00:00,30.0000,99670.000000,"GTS_AAXX",0,0
2019/05/22 20:00:00,30.0000,99610.000000,"GTS_AAXX",0,0
2019/05/23 02:00:00,30.0000,99860.000000,"GTS_AAXX",0,0
2019/05/23 08:00:00,30.0000,100100.000000,"GTS_AAXX",0,0
2019/05/23 14:00:00,30.0000,99850.000000,"GTS_AAXX",0,0
2019/05/23 20:00:00,30.0000,99810.000000,"GTS_AAXX",0,0
2019/05/24 02:00:00,30.0000,99870.000000,"GTS_AAXX",0,0
2019/05/24 08:00:00,30.0000,100050.000000,"GTS_AAXX",0,0
2019/05/24 14:00:00,30.0000,99930.000000,"GTS_AAXX",0,0
2019/05/24 20:00:00,30.0000,99940.000000,"GTS_AAXX",0,0
2019/05/25 02:00:00,30.0000,99940.000000,"GTS_AAXX",0,0
2019/05/25 08:00:00,30.0000,100020.000000,"GTS_AAXX",0,0
2019/05/25 14:00:00,30.0000,99750.000000,"GTS_AAXX",0,0
2019/05/25 20:00:00,30.0000,99720.000000,"GTS_AAXX",0,0
2019/05/26 02:00:00,30.0000,99860.000000,"GTS_AAXX",0,0
2019/05/26 08:00:00,30.0000,99910.000000,"GTS_AAXX",0,0
2019/05/26 14:00:00,30.0000,99950.000000,"GTS_AAXX",0,0
2019/05/26 20:00:00,30.0000,100190.000000,"GTS_AAXX",0,0
2019/05/27 02:00:00,30.0000,100710.000000,"GTS_AAXX",0,0
2019/05/27 08:00:00,30.0000,101230.000000,"GTS_AAXX",0,0
2019/05/27 14:00:00,30.0000,101010.000000,"GTS_AAXX",0,0
2019/05/27 20:00:00,30.0000,101080.000000,"GTS_AAXX",0,0
2019/05/28 02:00:00,30.0000,101180.000000,"GTS_AAXX",0,0
2019/05/28 08:00:00,30.0000,101110.000000,"GTS_AAXX",0,0
2019/05/28 14:00:00,30.0000,100670.000000,"GTS_AAXX",0,0
2019/05/28 20:00:00,30.0000,100450.000000,"GTS_AAXX",0,0
2019/05/29 02:00:00,30.0000,100590.000000,"GTS_AAXX",0,0
2019/05/29 08:00:00,30.0000,100740.000000,"GTS_AAXX",0,0
2019/05/29 14:00:00,30.0000,100380.000000,"GTS_AAXX",0,0
2019/05/29 20:00:00,30.0000,100150.000000,"GTS_AAXX",0,0
2019/05/30 02:00:00,30.0000,100060.000000,"GTS_AAXX",0,0
2019/05/30 08:00:00,30.0000,100180.000000,"GTS_AAXX",0,0
2019/05/30 14:00:00,30.0000,100120.000000,"GTS_AAXX",0,0
2019/05/30 20:00:00,30.0000,100480.000000,"GTS_AAXX",0,0
2019/05/31 02:00:00,30.0000,100770.000000,"GTS_AAXX",0,0
2019/05/31 08:00:00,30.0000,100840.000000,"GTS_AAXX",0,0
2019/05/31 14:00:00,30.0000,100370.000000,"GTS_AAXX",0,0
2019/05/31 20:00:00,30.0000,100220.000000,"GTS_AAXX",0,0
2019/06/01 02:00:00,30.0000,100140.000000,"GTS_AAXX",0,0
2019/06/01 08:00:00,30.0000,100080.000000,"GTS_AAXX",0,0
2019/06/01 14:00:00,30.0000,99850.000000,"GTS_AAXX",0,0
2019/06/01 20:00:00,30.0000,99780.000000,"GTS_AAXX",0,0
2019/06/02 02:00:00,30.0000,99710.000000,"GTS_AAXX",0,0
2019/06/02 08:00:00,30.0000,99570.000000,"GTS_AAXX",0,0
2019/06/02 14:00:00,30.0000,99340.000000,"GTS_AAXX",0,0
2019/06/02 20:00:00,30.0000,99390.000000,"GTS_AAXX",0,0
2019/06/03 02:00:00,30.0000,99520.000000,"GTS_AAXX",0,0
2019/06/03 08:00:00,30.0000,99830.000000,"GTS_AAXX",0,0
2019/06/03 14:00:00,30.0000,99650.000000,"GTS_AAXX",0,0
2019/06/03 20:00:00,30.0000,99800.000000,"GTS_AAXX",0,0
2019/06/04 02:00:00,30.0000,100160.000000,"GTS_AAXX",0,0
2019/06/04 08:00:00,30.0000,100420.000000,"GTS_AAXX",0,0
2019/06/04 14:00:00,30.0000,100170.000000,"GTS_AAXX",0,0
2019/06/04 20:00:00,30.0000,100150.000000,"GTS_AAXX",0,0
2019/06/05 02:00:00,30.0000,100370.000000,"GTS_AAXX",0,0
2019/06/05 08:00:00,30.0000,100600.000000,"GTS_AAXX",0,0
2019/06/05 14:00:00,30.0000,100480.000000,"GTS_AAXX",0,0
2019/06/05 20:00:00,30.0000,100430.000000,"GTS_AAXX",0,0
2019/06/06 02:00:00,30.0000,100490.000000,"GTS_AAXX",0,0
2019/06/06 08:00:00,30.0000,100510.000000,"GTS_AAXX",0,0
2019/06/06 14:00:00,30.0000,100600.000000,"GTS_AAXX",0,0
2019/06/06 20:00:00,30.0000,100480.000000,"GTS_AAXX",0,0
2019/06/07 02:00:00,30.0000,100330.000000,"GTS_AAXX",0,0
2019/06/07 08:00:00,30.0000,100320.000000,"GTS_AAXX",0,0
2019/06/07 14:00:00,30.0000,100010.000000,"GTS_AAXX",0,0
2019/06/07 20:00:00,30.0000,99990.000000,"GTS_AAXX",0,0
2019/06/08 02:00:00,30.0000,100000.000000,"GTS_AAXX",0,0
2019/06/08 08:00:00,30.0000,100050.000000,"GTS_AAXX",0,0
2019/06/08 14:00:00,30.0000,99510.000000,"GTS_AAXX",0,0
2019/06/08 20:00:00,30.0000,99630.000000,"GTS_AAXX",0,0
2019/06/09 02:00:00,30.0000,99830.000000,"GTS_AAXX",0,0
2019/06/09 08:00:00,30.0000,100140.000000,"GTS_AAXX",0,0
2019/06/09 14:00:00,30.0000,100040.000000,"GTS_AAXX",0,0
2019/06/09 20:00:00,30.0000,100040.000000,"GTS_AAXX",0,0
2019/06/10 02:00:00,30.0000,100230.000000,"GTS_AAXX",0,0
2019/06/10 08:00:00,30.0000,100370.000000,"GTS_AAXX",0,0
2019/06/10 14:00:00,30.0000,100080.000000,"GTS_AAXX",0,0
2019/06/10 20:00:00,30.0000,100150.000000,"GTS_AAXX",0,0
2019/06/11 02:00:00,30.0000,100460.000000,"GTS_AAXX",0,0
2019/06/11 08:00:00,30.0000,100570.000000,"GTS_AAXX",0,0
2019/06/11 14:00:00,30.0000,100180.000000,"GTS_AAXX",0,0
2019/06/11 20:00:00,30.0000,100140.000000,"GTS_AAXX",0,0
2019/06/12 02:00:00,30.0000,100320.000000,"GTS_AAXX",0,0
2019/06/12 08:00:00,30.0000,100310.000000,"GTS_AAXX",0,0
2019/06/12 14:00:00,30.0000,99980.000000,"GTS_AAXX",0,0
2019/06/12 20:00:00,30.0000,100090.000000,"GTS_AAXX",0,0
2019/06/13 02:00:00,30.0000,100040.000000,"GTS_AAXX",0,0
2019/06/13 08:00:00,30.0000,100260.000000,"GTS_AAXX",0,0
2019/06/13 14:00:00,30.0000,100050.000000,"GTS_AAXX",0,0
2019/06/13 20:00:00,30.0000,99980.000000,"GTS_AAXX",0,0
2019/06/14 02:00:00,30.0000,100030.000000,"GTS_AAXX",0,0
2019/06/14 08:00:00,30.0000,100150.000000,"GTS_AAXX",0,0
2019/06/14 14:00:00,30.0000,99840.000000,"GTS_AAXX",0,0
2019/06/14 20:00:00,30.0000,99870.000000,"GTS_AAXX",0,0
2019/06/15 02:00:00,30.0000,100360.000000,"GTS_AAXX",0,0
2019/06/15 08:00:00,30.0000,100460.000000,"GTS_AAXX",0,0
2019/06/15 14:00:00,30.0000,100100.000000,"GTS_AAXX",0,0
2019/06/15 20:00:00,30.0000,100100.000000,"GTS_AAXX",0,0
2019/06/16 02:00:00,30.0000,100520.000000,"GTS_AAXX",0,0
2019/06/16 08:00:00,30.0000,100760.000000,"GTS_AAXX",0,0
2019/06/16 14:00:00,30.0000,100710.000000,"GTS_AAXX",0,0
2019/06/16 20:00:00,30.0000,100690.000000,"GTS_AAXX",0,0
2019/06/17 02:00:00,30.0000,100570.000000,"GTS_AAXX",0,0
2019/06/17 08:00:00,30.0000,100670.000000,"GTS_AAXX",0,0
2019/06/17 14:00:00,30.0000,100380.000000,"GTS_AAXX",0,0
2019/06/17 20:00:00,30.0000,100220.000000,"GTS_AAXX",0,0
2019/06/18 02:00:00,30.0000,100190.000000,"GTS_AAXX",0,0
2019/06/18 08:00:00,30.0000,100210.000000,"GTS_AAXX",0,0
2019/06/18 14:00:00,30.0000,99900.000000,"GTS_AAXX",0,0
2019/06/18 20:00:00,30.0000,99890.000000,"GTS_AAXX",0,0
2019/06/19 02:00:00,30.0000,100230.000000,"GTS_AAXX",0,0
2019/06/19 08:00:00,30.0000,100310.000000,"GTS_AAXX",0,0
2019/06/19 14:00:00,30.0000,100090.000000,"GTS_AAXX",0,0
2019/06/19 20:00:00,30.0000,100050.000000,"GTS_AAXX",0,0
2019/06/20 02:00:00,30.0000,100100.000000,"GTS_AAXX",0,0
2019/06/20 08:00:00,30.0000,100120.000000,"GTS_AAXX",0,0
2019/06/20 14:00:00,30.0000,99810.000000,"GTS_AAXX",0,0
2019/06/20 20:00:00,30.0000,99910.000000,"GTS_AAXX",0,0
2019/06/21 02:00:00,30.0000,100200.000000,"GTS_AAXX",0,0
2019/06/21 08:00:00,30.0000,100540.000000,"GTS_AAXX",0,0
2019/06/21 14:00:00,30.0000,100460.000000,"GTS_AAXX",0,0
2019/06/21 20:00:00,30.0000,100610.000000,"GTS_AAXX",0,0
2019/06/22 02:00:00,30.0000,100680.000000,"GTS_AAXX",0,0
2019/06/22 08:00:00,30.0000,100710.000000,"GTS_AAXX",0,0
2019/06/22 14:00:00,30.0000,100380.000000,"GTS_AAXX",0,0
2019/06/22 20:00:00,30.0000,100250.000000,"GTS_AAXX",0,0
2019/06/23 02:00:00,30.0000,100430.000000,"GTS_AAXX",0,0
2019/06/23 08:00:00,30.0000,100610.000000,"GTS_AAXX",0,0
2019/06/23 14:00:00,30.0000,100350.000000,"GTS_AAXX",0,0
2019/06/23 20:00:00,30.0000,100300.000000,"GTS_AAXX",0,0
2019/06/24 02:00:00,30.0000,100380.000000,"GTS_AAXX",0,0
2019/06/24 08:00:00,30.0000,100440.000000,"GTS_AAXX",0,0
2019/06/24 14:00:00,30.0000,100120.000000,"GTS_AAXX",0,0
2019/06/24 20:00:00,30.0000,100080.000000,"GTS_AAXX",0,0
2019/06/25 02:00:00,30.0000,100200.000000,"GTS_AAXX",0,0
2019/06/25 08:00:00,30.0000,100380.000000,"GTS_AAXX",0,0
2019/06/25 14:00:00,30.0000,100160.000000,"GTS_AAXX",0,0
2019/06/25 20:00:00,30.0000,100140.000000,"GTS_AAXX",0,0
2019/06/26 02:00:00,30.0000,100200.000000,"GTS_AAXX",0,0
2019/06/26 08:00:00,30.0000,100200.000000,"GTS_AAXX",0,0
2019/06/26 14:00:00,30.0000,99970.000000,"GTS_AAXX",0,0
2019/06/26 20:00:00,30.0000,99790.000000,"GTS_AAXX",0,0
2019/06/27 02:00:00,30.0000,99810.000000,"GTS_AAXX",0,0
2019/06/27 08:00:00,30.0000,99740.000000,"GTS_AAXX",0,0
2019/06/27 14:00:00,30.0000,99410.000000,"GTS_AAXX",0,0
2019/06/27 20:00:00,30.0000,99270.000000,"GTS_AAXX",0,0
2019/06/28 02:00:00,30.0000,99430.000000,"GTS_AAXX",0,0
2019/06/28 08:00:00,30.0000,99500.000000,"GTS_AAXX",0,0
2019/06/28 14:00:00,30.0000,99300.000000,"GTS_AAXX",0,0
2019/06/28 20:00:00,30.0000,99220.000000,"GTS_AAXX",0,0
2019/06/29 02:00:00,30.0000,99190.000000,"GTS_AAXX",0,0
2019/06/29 08:00:00,30.0000,99240.000000,"GTS_AAXX",0,0
2019/06/29 14:00:00,30.0000,99140.000000,"GTS_AAXX",0,0
2019/06/29 20:00:00,30.0000,99350.000000,"GTS_AAXX",0,0
2019/06/30 02:00:00,30.0000,99630.000000,"GTS_AAXX",0,0
2019/06/30 08:00:00,30.0000,99900.000000,"GTS_AAXX",0,0
2019/06/30 14:00:00,30.0000,99830.000000,"GTS_AAXX",0,0
2019/06/30 20:00:00,30.0000,99960.000000,"GTS_AAXX",0,0
2019/07/01 02:00:00,30.0000,100180.000000,"GTS_AAXX",0,0
2019/07/01 08:00:00,30.0000,100430.000000,"GTS_AAXX",0,0
2019/07/01 14:00:00,30.0000,100210.000000,"GTS_AAXX",0,0
2019/07/01 20:00:00,30.0000,100160.000000,"GTS_AAXX",0,0
2019/07/02 02:00:00,30.0000,100230.000000,"GTS_AAXX",0,0
2019/07/02 08:00:00,30.0000,100330.000000,"GTS_AAXX",0,0
2019/07/02 14:00:00,30.0000,100040.000000,"GTS_AAXX",0,0
2019/07/02 20:00:00,30.0000,100250.000000,"GTS_AAXX",0,0
2019/07/03 02:00:00,30.0000,100410.000000,"GTS_AAXX",0,0
2019/07/03 08:00:00,30.0000,100430.000000,"GTS_AAXX",0,0
2019/07/03 14:00:00,30.0000,100070.000000,"GTS_AAXX",0,0
2019/07/03 20:00:00,30.0000,99990.000000,"GTS_AAXX",0,0
2019/07/04 02:00:00,30.0000,100010.000000,"GTS_AAXX",0,0
2019/07/04 08:00:00,30.0000,99990.000000,"GTS_AAXX",0,0
2019/07/04 14:00:00,30.0000,99560.000000,"GTS_AAXX",0,0
2019/07/04 20:00:00,30.0000,99390.000000,"GTS_AAXX",0,0
2019/07/05 02:00:00,30.0000,99230.000000,"GTS_AAXX",0,0
2019/07/05 08:00:00,30.0000,99210.000000,"GTS_AAXX",0,0
2019/07/05 14:00:00,30.0000,99040.000000,"GTS_AAXX",0,0
2019/07/05 20:00:00,30.0000,99420.000000,"GTS_AAXX",0,0
2019/07/06 02:00:00,30.0000,99380.000000,"GTS_AAXX",0,0
2019/07/06 08:00:00,30.0000,99510.000000,"GTS_AAXX",0,0
2019/07/06 14:00:00,30.0000,99640.000000,"GTS_AAXX",0,0
2019/07/06 20:00:00,30.0000,99990.000000,"GTS_AAXX",0,0
2019/07/07 02:00:00,30.0000,100200.000000,"GTS_AAXX",0,0
2019/07/07 08:00:00,30.0000,100450.000000,"GTS_AAXX",0,0
2019/07/07 14:00:00,30.0000,100550.000000,"GTS_AAXX",0,0
2019/07/07 20:00:00,30.0000,100640.000000,"GTS_AAXX",0,0
2019/07/08 02:00:00,30.0000,100720.000000,"GTS_AAXX",0,0
2019/07/08 08:00:00,30.0000,100700.000000,"GTS_AAXX",0,0
2019/07/08 14:00:00,30.0000,100470.000000,"GTS_AAXX",0,0
2019/07/08 20:00:00,30.0000,100340.000000,"GTS_AAXX",0,0
2019/07/09 02:00:00,30.0000,100270.000000,"GTS_AAXX",0,0
2019/07/09 08:00:00,30.0000,100290.000000,"GTS_AAXX",0,0
2019/07/09 14:00:00,30.0000,100210.000000,"GTS_AAXX",0,0
2019/07/09 20:00:00,30.0000,100140.000000,"GTS_AAXX",0,0
2019/07/10 02:00:00,30.0000,100190.000000,"GTS_AAXX",0,0
2019/07/10 08:00:00,30.0000,100400.000000,"GTS_AAXX",0,0
2019/07/10 14:00:00,30.0000,100220.000000,"GTS_AAXX",0,0
2019/07/10 20:00:00,30.0000,100300.000000,"GTS_AAXX",0,0
2019/07/11 02:00:00,30.0000,100390.000000,"GTS_AAXX",0,0
2019/07/11 08:00:00,30.0000,100550.000000,"GTS_AAXX",0,0
2019/07/11 14:00:00,30.0000,100240.000000,"GTS_AAXX",0,0
2019/07/11 20:00:00,30.0000,100180.000000,"GTS_AAXX",0,0
2019/07/12 02:00:00,30.0000,100120.000000,"GTS_AAXX",0,0
2019/07/12 08:00:00,30.0000,100140.000000,"GTS_AAXX",0,0
2019/07/12 14:00:00,30.0000,99770.000000,"GTS_AAXX",0,0
2019/07/12 20:00:00,30.0000,99630.000000,"GTS_AAXX",0,0
2019/07/13 02:00:00,30.0000,99640.000000,"GTS_AAXX",0,0
2019/07/13 08:00:00,30.0000,99780.000000,"GTS_AAXX",0,0
2019/07/13 14:00:00,30.0000,99550.000000,"GTS_AAXX",0,0
2019/07/13 20:00:00,30.0000,99550.000000,"GTS_AAXX",0,0
2019/07/14 02:00:00,30.0000,99730.000000,"GTS_AAXX",0,0
2019/07/14 08:00:00,30.0000,99910.000000,"GTS_AAXX",0,0
2019/07/14 14:00:00,30.0000,99760.000000,"GTS_AAXX",0,0
2019/07/14 20:00:00,30.0000,99820.000000,"GTS_AAXX",0,0
2019/07/15 02:00:00,30.0000,99990.000000,"GTS_AAXX",0,0
2019/07/15 08:00:00,30.0000,100170.000000,"GTS_AAXX",0,0
2019/07/15 14:00:00,30.0000,100050.000000,"GTS_AAXX",0,0
2019/07/15 20:00:00,30.0000,100080.000000,"GTS_AAXX",0,0
2019/07/16 02:00:00,30.0000,100280.000000,"GTS_AAXX",0,0
2019/07/16 08:00:00,30.0000,100450.000000,"GTS_AAXX",0,0
2019/07/16 14:00:00,30.0000,100320.000000,"GTS_AAXX",0,0
2019/07/16 20:00:00,30.0000,100290.000000,"GTS_AAXX",0,0
2019/07/17 02:00:00,30.0000,100440.000000,"GTS_AAXX",0,0
2019/07/17 08:00:00,30.0000,100430.000000,"GTS_AAXX",0,0
2019/07/17 14:00:00,30.0000,100370.000000,"GTS_AAXX",0,0
2019/07/17 20:00:00,30.0000,100340.000000,"GTS_AAXX",0,0
2019/07/18 02:00:00,30.0000,100350.000000,"GTS_AAXX",0,0
2019/07/18 08:00:00,30.0000,100350.000000,"GTS_AAXX",0,0
2019/07/18 14:00:00,30.0000,100190.000000,"GTS_AAXX",0,0
2019/07/18 20:00:00,30.0000,100120.000000,"GTS_AAXX",0,0
2019/07/19 02:00:00,30.0000,100220.000000,"GTS_AAXX",0,0
2019/07/19 08:00:00,30.0000,100180.000000,"GTS_AAXX",0,0
2019/07/19 14:00:00,30.0000,100040.000000,"GTS_AAXX",0,0
2019/07/19 20:00:00,30.0000,99940.000000,"GTS_AAXX",0,0
2019/07/20 02:00:00,30.0000,99940.000000,"GTS_AAXX",0,0
2019/07/20 08:00:00,30.0000,100010.000000,"GTS_AAXX",0,0
2019/07/20 14:00:00,30.0000,99900.000000,"GTS_AAXX",0,0
2019/07/20 20:00:00,30.0000,99770.000000,"GTS_AAXX",0,0
2019/07/21 02:00:00,30.0000,99880.000000,"GTS_AAXX",0,0
2019/07/21 08:00:00,30.0000,99980.000000,"GTS_AAXX",0,0
2019/07/21 14:00:00,30.0000,99710.000000,"GTS_AAXX",0,0
2019/07/21 20:00:00,30.0000,99670.000000,"GTS_AAXX",0,0
2019/07/22 02:00:00,30.0000,99830.000000,"GTS_AAXX",0,0
2019/07/22 08:00:00,30.0000,99870.000000,"GTS_AAXX",0,0
2019/07/22 14:00:00,30.0000,99690.000000,"GTS_AAXX",0,0
2019/07/22 20:00:00,30.0000,99620.000000,"GTS_AAXX",0,0
2019/07/23 02:00:00,30.0000,99450.000000,"GTS_AAXX",0,0
2019/07/23 08:00:00,30.0000,99470.000000,"GTS_AAXX",0,0
2019/07/23 14:00:00,30.0000,99330.000000,"GTS_AAXX",0,0
2019/07/23 20:00:00,30.0000,99430.000000,"GTS_AAXX",0,0
2019/07/24 02:00:00,30.0000,99570.000000,"GTS_AAXX",0,0
2019/07/24 08:00:00,30.0000,99650.000000,"GTS_AAXX",0,0
2019/07/24 14:00:00,30.0000,99580.000000,"GTS_AAXX",0,0
2019/07/24 20:00:00,30.0000,99580.000000,"GTS_AAXX",0,0
2019/07/25 02:00:00,30.0000,99680.000000,"GTS_AAXX",0,0
2019/07/25 08:00:00,30.0000,99670.000000,"GTS_AAXX",0,0
2019/07/25 14:00:00,30.0000,99520.000000,"GTS_AAXX",0,0
2019/07/25 20:00:00,30.0000,99660.000000,"GTS_AAXX",0,0
2019/07/26 02:00:00,30.0000,99760.000000,"GTS_AAXX",0,0
2019/07/26 08:00:00,30.0000,99760.000000,"GTS_AAXX",0,0
2019/07/26 14:00:00,30.0000,99610.000000,"GTS_AAXX",0,0
2019/07/26 20:00:00,30.0000,99540.000000,"GTS_AAXX",0,0
2019/07/27 02:00:00,30.0000,99650.000000,"GTS_AAXX",0,0
2019/07/27 08:00:00,30.0000,99730.000000,"GTS_AAXX",0,0
2019/07/27 14:00:00,30.0000,99580.000000,"GTS_AAXX",0,0
2019/07/27 20:00:00,30.0000,99600.000000,"GTS_AAXX",0,0
2019/07/28 02:00:00,30.0000,99740.000000,"GTS_AAXX",0,0
2019/07/28 08:00:00,30.0000,99890.000000,"GTS_AAXX",0,0
2019/07/28 14:00:00,30.0000,99690.000000,"GTS_AAXX",0,0
2019/07/28 20:00:00,30.0000,99840.000000,"GTS_AAXX",0,0
2019/07/29 02:00:00,30.0000,99910.000000,"GTS_AAXX",0,0
2019/07/29 08:00:00,30.0000,99910.000000,"GTS_AAXX",0,0
2019/07/29 14:00:00,30.0000,99790.000000,"GTS_AAXX",0,0
2019/07/29 20:00:00,30.0000,99650.000000,"GTS_AAXX",0,0
2019/07/30 02:00:00,30.0000,99710.000000,"GTS_AAXX",0,0
2019/07/30 08:00:00,30.0000,99780.000000,"GTS_AAXX",0,0
2019/07/30 14:00:00,30.0000,99630.000000,"GTS_AAXX",0,0
2019/07/30 20:00:00,30.0000,99670.000000,"GTS_AAXX",0,0
2019/07/31 02:00:00,30.0000,99840.000000,"GTS_AAXX",0,0
2019/07/31 08:00:00,30.0000,99980.000000,"GTS_AAXX",0,0
2019/07/31 14:00:00,30.0000,99930.000000,"GTS_AAXX",0,0
2019/07/31 20:00:00,30.0000,100010.000000,"GTS_AAXX",0,0
2019/08/01 02:00:00,30.0000,100300.000000,"GTS_AAXX",0,0
2019/08/01 08:00:00,30.0000,100500.000000,"GTS_AAXX",0,0
2019/08/01 14:00:00,30.0000,100350.000000,"GTS_AAXX",0,0
2019/08/01 20:00:00,30.0000,100340.000000,"GTS_AAXX",0,0
2019/08/02 02:00:00,30.0000,100390.000000,"GTS_AAXX",0,0
2019/08/02 08:00:00,30.0000,100640.000000,"GTS_AAXX",0,0
2019/08/02 14:00:00,30.0000,100540.000000,"GTS_AAXX",0,0
2019/08/02 20:00:00,30.0000,100490.000000,"GTS_AAXX",0,0
2019/08/03 02:00:00,30.0000,100530.000000,"GTS_AAXX",0,0
2019/08/03 08:00:00,30.0000,100620.000000,"GTS_AAXX",0,0
2019/08/03 14:00:00,30.0000,100550.000000,"GTS_AAXX",0,0
2019/08/03 20:00:00,30.0000,100520.000000,"GTS_AAXX",0,0
2019/08/04 02:00:00,30.0000,100590.000000,"GTS_AAXX",0,0
2019/08/04 08:00:00,30.0000,100570.000000,"GTS_AAXX",0,0
2019/08/04 14:00:00,30.0000,100480.000000,"GTS_AAXX",0,0
2019/08/04 20:00:00,30.0000,100470.000000,"GTS_AAXX",0,0
2019/08/05 02:00:00,30.0000,100400.000000,"GTS_AAXX",0,0
2019/08/05 08:00:00,30.0000,100440.000000,"GTS_AAXX",0,0
2019/08/05 14:00:00,30.0000,100290.000000,"GTS_AAXX",0,0
2019/08/05 20:00:00,30.0000,100300.000000,"GTS_AAXX",0,0
2019/08/06 02:00:00,30.0000,100230.000000,"GTS_AAXX",0,0
2019/08/06 08:00:00,30.0000,100300.000000,"GTS_AAXX",0,0
2019/08/06 14:00:00,30.0000,100080.000000,"GTS_AAXX",0,0
2019/08/06 20:00:00,30.0000,100060.000000,"GTS_AAXX",0,0
2019/08/07 02:00:00,30.0000,100200.000000,"GTS_AAXX",0,0
2019/08/07 08:00:00,30.0000,100140.000000,"GTS_AAXX",0,0
2019/08/07 14:00:00,30.0000,100030.000000,"GTS_AAXX",0,0
2019/08/07 20:00:00,30.0000,100060.000000,"GTS_AAXX",0,0
2019/08/08 02:00:00,30.0000,100150.000000,"GTS_AAXX",0,0
2019/08/08 08:00:00,30.0000,100310.000000,"GTS_AAXX",0,0
2019/08/08 14:00:00,30.0000,100160.000000,"GTS_AAXX",0,0
2019/08/08 20:00:00,30.0000,100160.000000,"GTS_AAXX",0,0
2019/08/09 02:00:00,30.0000,100160.000000,"GTS_AAXX",0,0
2019/08/09 08:00:00,30.0000,100120.000000,"GTS_AAXX",0,0
2019/08/09 14:00:00,30.0000,99920.000000,"GTS_AAXX",0,0
2019/08/09 20:00:00,30.0000,99950.000000,"GTS_AAXX",0,0
2019/08/10 02:00:00,30.0000,99900.000000,"GTS_AAXX",0,0
2019/08/10 08:00:00,30.0000,100000.000000,"GTS_AAXX",0,0
2019/08/10 14:00:00,30.0000,99880.000000,"GTS_AAXX",0,0
2019/08/10 20:00:00,30.0000,99970.000000,"GTS_AAXX",0,0
2019/08/11 02:00:00,30.0000,99930.000000,"GTS_AAXX",0,0
2019/08/11 08:00:00,30.0000,99890.000000,"GTS_AAXX",0,0
2019/08/11 14:00:00,30.0000,99720.000000,"GTS_AAXX",0,0
2019/08/11 20:00:00,30.0000,99610.000000,"GTS_AAXX",0,0
2019/08/12 02:00:00,30.0000,99320.000000,"GTS_AAXX",0,0
2019/08/12 08:00:00,30.0000,99300.000000,"GTS_AAXX",0,0
2019/08/12 14:00:00,30.0000,99330.000000,"GTS_AAXX",0,0
2019/08/12 20:00:00,30.0000,99650.000000,"GTS_AAXX",0,0
2019/08/13 02:00:00,30.0000,99630.000000,"GTS_AAXX",0,0
2019/08/13 08:00:00,30.0000,99690.000000,"GTS_AAXX",0,0
2019/08/13 14:00:00,30.0000,99690.000000,"GTS_AAXX",0,0
2019/08/13 20:00:00,30.0000,99850.000000,"GTS_AAXX",0,0
2019/08/14 02:00:00,30.0000,99940.000000,"GTS_AAXX",0,0
2019/08/14 08:00:00,30.0000,99950.000000,"GTS_AAXX",0,0
2019/08/14 14:00:00,30.0000,99850.000000,"GTS_AAXX",0,0
2019/08/14 20:00:00,30.0000,99760.000000,"GTS_AAXX",0,0
2019/08/15 02:00:00,30.0000,99730.000000,"GTS_AAXX",0,0
2019/08/15 08:00:00,30.0000,99690.000000,"GTS_AAXX",0,0
2019/08/15 14:00:00,30.0000,99170.000000,"GTS_AAXX",0,0
2019/08/15 20:00:00,30.0000,98960.000000,"GTS_AAXX",0,0
2019/08/16 02:00:00,30.0000,99430.000000,"GTS_AAXX",0,0
2019/08/16 08:00:00,30.0000,99480.000000,"GTS_AAXX",0,0
2019/08/16 14:00:00,30.0000,99450.000000,"GTS_AAXX",0,0
2019/08/16 20:00:00,30.0000,99620.000000,"GTS_AAXX",0,0
2019/08/17 02:00:00,30.0000,99790.000000,"GTS_AAXX",0,0
2019/08/17 08:00:00,30.0000,99920.000000,"GTS_AAXX",0,0
2019/08/17 14:00:00,30.0000,99790.000000,"GTS_AAXX",0,0
2019/08/17 20:00:00,30.0000,99920.000000,"GTS_AAXX",0,0
2019/08/18 02:00:00,30.0000,100100.000000,"GTS_AAXX",0,0
2019/08/18 08:00:00,30.0000,100340.000000,"GTS_AAXX",0,0
2019/08/18 14:00:00,30.0000,100190.000000,"GTS_AAXX",0,0
2019/08/18 20:00:00,30.0000,100210.000000,"GTS_AAXX",0,0
2019/08/19 02:00:00,30.0000,100360.000000,"GTS_AAXX",0,0
2019/08/19 08:00:00,30.0000,100490.000000,"GTS_AAXX",0,0
2019/08/19 14:00:00,30.0000,100400.000000,"GTS_AAXX",0,0
2019/08/19 20:00:00,30.0000,100450.000000,"GTS_AAXX",0,0
2019/08/20 02:00:00,30.0000,100430.000000,"GTS_AAXX",0,0
2019/08/20 08:00:00,30.0000,100320.000000,"GTS_AAXX",0,0
2019/08/20 14:00:00,30.0000,100330.000000,"GTS_AAXX",0,0
2019/08/20 20:00:00,30.0000,100430.000000,"GTS_AAXX",0,0
2019/08/21 02:00:00,30.0000,100490.000000,"GTS_AAXX",0,0
2019/08/21 08:00:00,30.0000,100690.000000,"GTS_AAXX",0,0
2019/08/21 14:00:00,30.0000,100550.000000,"GTS_AAXX",0,0
2019/08/21 20:00:00,30.0000,100520.000000,"GTS_AAXX",0,0
2019/08/22 02:00:00,30.0000,100570.000000,"GTS_AAXX",0,0
2019/08/22 08:00:00,30.0000,100740.000000,"GTS_AAXX",0,0
2019/08/22 14:00:00,30.0000,100610.000000,"GTS_AAXX",0,0
2019/08/22 20:00:00,30.0000,100600.000000,"GTS_AAXX",0,0
2019/08/23 02:00:00,30.0000,100710.000000,"GTS_AAXX",0,0
2019/08/23 08:00:00,30.0000,100900.000000,"GTS_AAXX",0,0
2019/08/23 14:00:00,30.0000,100690.000000,"GTS_AAXX",0,0
2019/08/23 20:00:00,30.0000,100800.000000,"GTS_AAXX",0,0
2019/08/24 02:00:00,30.0000,100830.000000,"GTS_AAXX",0,0
2019/08/24 08:00:00,30.0000,100910.000000,"GTS_AAXX",0,0
2019/08/24 14:00:00,30.0000,100680.000000,"GTS_AAXX",0,0
2019/08/24 20:00:00,30.0000,100760.000000,"GTS_AAXX",0,0
2019/08/25 02:00:00,30.0000,100810.000000,"GTS_AAXX",0,0
2019/08/25 08:00:00,30.0000,100920.000000,"GTS_AAXX",0,0
2019/08/25 14:00:00,30.0000,100750.000000,"GTS_AAXX",0,0
2019/08/25 20:00:00,30.0000,100690.000000,"GTS_AAXX",0,0
2019/08/26 02:00:00,30.0000,100670.000000,"GTS_AAXX",0,0
2019/08/26 08:00:00,30.0000,100590.000000,"GTS_AAXX",0,0
2019/08/26 14:00:00,30.0000,100460.000000,"GTS_AAXX",0,0
2019/08/26 20:00:00,30.0000,100560.000000,"GTS_AAXX",0,0
2019/08/27 02:00:00,30.0000,100520.000000,"GTS_AAXX",0,0
2019/08/27 08:00:00,30.0000,100480.000000,"GTS_AAXX",0,0
2019/08/27 14:00:00,30.0000,100200.000000,"GTS_AAXX",0,0
2019/08/27 20:00:00,30.0000,100240.000000,"GTS_AAXX",0,0
2019/08/28 02:00:00,30.0000,100250.000000,"GTS_AAXX",0,0
2019/08/28 08:00:00,30.0000,100350.000000,"GTS_AAXX",0,0
2019/08/28 14:00:00,30.0000,100200.000000,"GTS_AAXX",0,0
2019/08/28 20:00:00,30.0000,100420.000000,"GTS_AAXX",0,0
2019/08/29 02:00:00,30.0000,100510.000000,"GTS_AAXX",0,0
2019/08/29 08:00:00,30.0000,100670.000000,"GTS_AAXX",0,0
2019/08/29 14:00:00,30.0000,100530.000000,"GTS_AAXX",0,0
2019/08/29 20:00:00,30.0000,100540.000000,"GTS_AAXX",0,0
2019/08/30 02:00:00,30.0000,100730.000000,"GTS_AAXX",0,0
2019/08/30 08:00:00,30.0000,100860.000000,"GTS_AAXX",0,0
2019/08/30 14:00:00,30.0000,100750.000000,"GTS_AAXX",0,0
2019/08/30 20:00:00,30.0000,100810.000000,"GTS_AAXX",0,0
2019/08/31 02:00:00,30.0000,100930.000000,"GTS_AAXX",0,0
2019/08/31 08:00:00,30.0000,101080.000000,"GTS_AAXX",0,0
2019/08/31 14:00:00,30.0000,100870.000000,"GTS_AAXX",0,0
2019/08/31 20:00:00,30.0000,100950.000000,"GTS_AAXX",0,0
2019/09/01 02:00:00,30.0000,101040.000000,"GTS_AAXX",0,0
2019/09/01 08:00:00,30.0000,101150.000000,"GTS_AAXX",0,0
2019/09/01 14:00:00,30.0000,101000.000000,"GTS_AAXX",0,0
2019/09/01 20:00:00,30.0000,101110.000000,"GTS_AAXX",0,0
2019/09/02 02:00:00,30.0000,101170.000000,"GTS_AAXX",0,0
2019/09/02 08:00:00,30.0000,101300.000000,"GTS_AAXX",0,0
2019/09/02 14:00:00,30.0000,101090.000000,"GTS_AAXX",0,0
2019/09/02 20:00:00,30.0000,101090.000000,"GTS_AAXX",0,0
2019/09/03 02:00:00,30.0000,101110.000000,"GTS_AAXX",0,0
2019/09/03 08:00:00,30.0000,101190.000000,"GTS_AAXX",0,0
2019/09/03 14:00:00,30.0000,100880.000000,"GTS_AAXX",0,0
2019/09/03 20:00:00,30.0000,100830.000000,"GTS_AAXX",0,0
2019/09/04 02:00:00,30.0000,100930.000000,"GTS_AAXX",0,0
2019/09/04 08:00:00,30.0000,100960.000000,"GTS_AAXX",0,0
2019/09/04 14:00:00,30.0000,100640.000000,"GTS_AAXX",0,0
2019/09/04 20:00:00,30.0000,100580.000000,"GTS_AAXX",0,0
2019/09/05 02:00:00,30.0000,100510.000000,"GTS_AAXX",0,0
2019/09/05 08:00:00,30.0000,100540.000000,"GTS_AAXX",0,0
2019/09/05 14:00:00,30.0000,100300.000000,"GTS_AAXX",0,0
2019/09/05 20:00:00,30.0000,100300.000000,"GTS_AAXX",0,0
2019/09/06 02:00:00,30.0000,100380.000000,"GTS_AAXX",0,0
2019/09/06 08:00:00,30.0000,100500.000000,"GTS_AAXX",0,0
2019/09/06 14:00:00,30.0000,100250.000000,"GTS_AAXX",0,0
2019/09/06 20:00:00,30.0000,100280.000000,"GTS_AAXX",0,0
2019/09/07 02:00:00,30.0000,100240.000000,"GTS_AAXX",0,0
2019/09/07 08:00:00,30.0000,100130.000000,"GTS_AAXX",0,0
2019/09/07 14:00:00,30.0000,99650.000000,"GTS_AAXX",0,0
2019/09/07 20:00:00,30.0000,99670.000000,"GTS_AAXX",0,0
2019/09/08 02:00:00,30.0000,99860.000000,"GTS_AAXX",0,0
2019/09/08 08:00:00,30.0000,100180.000000,"GTS_AAXX",0,0
2019/09/08 14:00:00,30.0000,100000.000000,"GTS_AAXX",0,0
2019/09/08 20:00:00,30.0000,100210.000000,"GTS_AAXX",0,0
2019/09/09 02:00:00,30.0000,100360.000000,"GTS_AAXX",0,0
2019/09/09 08:00:00,30.0000,100660.000000,"GTS_AAXX",0,0
2019/09/09 14:00:00,30.0000,100520.000000,"GTS_AAXX",0,0
2019/09/09 20:00:00,30.0000,100860.000000,"GTS_AAXX",0,0
2019/09/10 02:00:00,30.0000,101130.000000,"GTS_AAXX",0,0
2019/09/10 08:00:00,30.0000,101380.000000,"GTS_AAXX",0,0
2019/09/10 14:00:00,30.0000,101500.000000,"GTS_AAXX",0,0
2019/09/10 20:00:00,30.0000,101630.000000,"GTS_AAXX",0,0
2019/09/11 02:00:00,30.0000,101690.000000,"GTS_AAXX",0,0
2019/09/11 08:00:00,30.0000,101870.000000,"GTS_AAXX",0,0
2019/09/11 14:00:00,30.0000,101690.000000,"GTS_AAXX",0,0
2019/09/11 20:00:00,30.0000,101550.000000,"GTS_AAXX",0,0
2019/09/12 02:00:00,30.0000,101370.000000,"GTS_AAXX",0,0
2019/09/12 08:00:00,30.0000,101360.000000,"GTS_AAXX",0,0
2019/09/12 14:00:00,30.0000,101120.000000,"GTS_AAXX",0,0
2019/09/12 20:00:00,30.0000,100900.000000,"GTS_AAXX",0,0
2019/09/13 02:00:00,30.0000,100680.000000,"GTS_AAXX",0,0
2019/09/13 08:00:00,30.0000,100760.000000,"GTS_AAXX",0,0
2019/09/13 14:00:00,30.0000,100740.000000,"GTS_AAXX",0,0
2019/09/13 20:00:00,30.0000,100990.000000,"GTS_AAXX",0,0
2019/09/14 02:00:00,30.0000,101150.000000,"GTS_AAXX",0,0
2019/09/14 08:00:00,30.0000,101330.000000,"GTS_AAXX",0,0
2019/09/14 14:00:00,30.0000,101120.000000,"GTS_AAXX",0,0
2019/09/14 20:00:00,30.0000,101140.000000,"GTS_AAXX",0,0
2019/09/15 02:00:00,30.0000,101040.000000,"GTS_AAXX",0,0
2019/09/15 08:00:00,30.0000,101010.000000,"GTS_AAXX",0,0
2019/09/15 14:00:00,30.0000,100780.000000,"GTS_AAXX",0,0
2019/09/15 20:00:00,30.0000,100840.000000,"GTS_AAXX",0,0
2019/09/16 02:00:00,30.0000,101060.000000,"GTS_AAXX",0,0
2019/09/16 08:00:00,30.0000,101460.000000,"GTS_AAXX",0,0
2019/09/16 14:00:00,30.0000,101300.000000,"GTS_AAXX",0,0
2019/09/16 20:00:00,30.0000,101270.000000,"GTS_AAXX",0,0
2019/09/17 02:00:00,30.0000,101410.000000,"GTS_AAXX",0,0
2019/09/17 08:00:00,30.0000,101430.000000,"GTS_AAXX",0,0
2019/09/17 14:00:00,30.0000,101140.000000,"GTS_AAXX",0,0
2019/09/17 20:00:00,30.0000,101360.000000,"GTS_AAXX",0,0
2019/09/18 02:00:00,30.0000,101880.000000,"GTS_AAXX",0,0
2019/09/18 08:00:00,30.0000,102450.000000,"GTS_AAXX",0,0
2019/09/18 14:00:00,30.0000,102110.000000,"GTS_AAXX",0,0
2019/09/18 20:00:00,30.0000,101980.000000,"GTS_AAXX",0,0
2019/09/19 02:00:00,30.0000,101920.000000,"GTS_AAXX",0,0
2019/09/19 08:00:00,30.0000,101910.000000,"GTS_AAXX",0,0
2019/09/19 14:00:00,30.0000,101500.000000,"GTS_AAXX",0,0
2019/09/19 20:00:00,30.0000,101430.000000,"GTS_AAXX",0,0
2019/09/20 02:00:00,30.0000,101310.000000,"GTS_AAXX",0,0
2019/09/20 08:00:00,30.0000,101360.000000,"GTS_AAXX",0,0
2019/09/20 14:00:00,30.0000,101150.000000,"GTS_AAXX",0,0
2019/09/20 20:00:00,30.0000,101370.000000,"GTS_AAXX",0,0
2019/09/21 02:00:00,30.0000,101530.000000,"GTS_AAXX",0,0
2019/09/21 08:00:00,30.0000,101810.000000,"GTS_AAXX",0,0
2019/09/21 14:00:00,30.0000,101690.000000,"GTS_AAXX",0,0
2019/09/21 20:00:00,30.0000,101810.000000,"GTS_AAXX",0,0
2019/09/22 02:00:00,30.0000,101960.000000,"GTS_AAXX",0,0
2019/09/22 08:00:00,30.0000,102050.000000,"GTS_AAXX",0,0
2019/09/22 14:00:00,30.0000,101700.000000,"GTS_AAXX",0,0
2019/09/22 20:00:00,30.0000,101590.000000,"GTS_AAXX",0,0
2019/09/23 02:00:00,30.0000,101540.000000,"GTS_AAXX",0,0
2019/09/23 08:00:00,30.0000,101640.000000,"GTS_AAXX",0,0
2019/09/23 14:00:00,30.0000,101400.000000,"GTS_AAXX",0,0
2019/09/23 20:00:00,30.0000,101400.000000,"GTS_AAXX",0,0
2019/09/24 02:00:00,30.0000,101400.000000,"GTS_AAXX",0,0
2019/09/24 08:00:00,30.0000,101650.000000,"GTS_AAXX",0,0
2019/09/24 14:00:00,30.0000,101560.000000,"GTS_AAXX",0,0
2019/09/24 20:00:00,30.0000,101710.000000,"GTS_AAXX",0,0
2019/09/25 02:00:00,30.0000,101820.000000,"GTS_AAXX",0,0
2019/09/25 08:00:00,30.0000,101890.000000,"GTS_AAXX",0,0
2019/09/25 14:00:00,30.0000,101590.000000,"GTS_AAXX",0,0
2019/09/25 20:00:00,30.0000,101670.000000,"GTS_AAXX",0,0
2019/09/26 02:00:00,30.0000,101710.000000,"GTS_AAXX",0,0
2019/09/26 08:00:00,30.0000,101890.000000,"GTS_AAXX",0,0
2019/09/26 14:00:00,30.0000,101720.000000,"GTS_AAXX",0,0
2019/09/26 20:00:00,30.0000,101770.000000,"GTS_AAXX",0,0
2019/09/27 02:00:00,30.0000,101810.000000,"GTS_AAXX",0,0
2019/09/27 08:00:00,30.0000,101930.000000,"GTS_AAXX",0,0
2019/09/27 14:00:00,30.0000,101580.000000,"GTS_AAXX",0,0
2019/09/27 20:00:00,30.0000,101470.000000,"GTS_AAXX",0,0
2019/09/28 02:00:00,30.0000,101410.000000,"GTS_AAXX",0,0
2019/09/28 08:00:00,30.0000,101450.000000,"GTS_AAXX",0,0
2019/09/28 14:00:00,30.0000,101120.000000,"GTS_AAXX",0,0
2019/09/28 20:00:00,30.0000,101150.000000,"GTS_AAXX",0,0
2019/09/29 02:00:00,30.0000,101180.000000,"GTS_AAXX",0,0
2019/09/29 08:00:00,30.0000,101270.000000,"GTS_AAXX",0,0
2019/09/29 14:00:00,30.0000,101000.000000,"GTS_AAXX",0,0
2019/09/29 20:00:00,30.0000,101000.000000,"GTS_AAXX",0,0
2019/09/30 02:00:00,30.0000,101000.000000,"GTS_AAXX",0,0
2019/09/30 08:00:00,30.0000,101070.000000,"GTS_AAXX",0,0
2019/09/30 14:00:00,30.0000,100860.000000,"GTS_AAXX",0,0
2019/09/30 20:00:00,30.0000,100920.000000,"GTS_AAXX",0,0
2019/10/01 02:00:00,30.0000,101040.000000,"GTS_AAXX",0,0
2019/10/01 08:00:00,30.0000,101200.000000,"GTS_AAXX",0,0
2019/10/01 14:00:00,30.0000,101040.000000,"GTS_AAXX",0,0
2019/10/01 20:00:00,30.0000,101080.000000,"GTS_AAXX",0,0
2019/10/02 02:00:00,30.0000,101040.000000,"GTS_AAXX",0,0
2019/10/02 08:00:00,30.0000,101120.000000,"GTS_AAXX",0,0
2019/10/02 14:00:00,30.0000,100760.000000,"GTS_AAXX",0,0
2019/10/02 20:00:00,30.0000,100740.000000,"GTS_AAXX",0,0
2019/10/03 02:00:00,30.0000,100780.000000,"GTS_AAXX",0,0
2019/10/03 08:00:00,30.0000,100890.000000,"GTS_AAXX",0,0
2019/10/03 14:00:00,30.0000,100660.000000,"GTS_AAXX",0,0
2019/10/03 20:00:00,30.0000,100860.000000,"GTS_AAXX",0,0
2019/10/04 02:00:00,30.0000,101150.000000,"GTS_AAXX",0,0
2019/10/04 08:00:00,30.0000,101810.000000,"GTS_AAXX",0,0
2019/10/04 14:00:00,30.0000,101910.000000,"GTS_AAXX",0,0
2019/10/04 20:00:00,30.0000,102250.000000,"GTS_AAXX",0,0
2019/10/05 02:00:00,30.0000,102470.000000,"GTS_AAXX",0,0
2019/10/05 08:00:00,30.0000,102690.000000,"GTS_AAXX",0,0
2019/10/05 14:00:00,30.0000,102280.000000,"GTS_AAXX",0,0
2019/10/05 20:00:00,30.0000,102190.000000,"GTS_AAXX",0,0
2019/10/06 02:00:00,30.0000,102160.000000,"GTS_AAXX",0,0
2019/10/06 08:00:00,30.0000,102240.000000,"GTS_AAXX",0,0
2019/10/06 14:00:00,30.0000,101950.000000,"GTS_AAXX",0,0
2019/10/06 20:00:00,30.0000,101880.000000,"GTS_AAXX",0,0
2019/10/07 02:00:00,30.0000,101770.000000,"GTS_AAXX",0,0
2019/10/07 08:00:00,30.0000,101700.000000,"GTS_AAXX",0,0
2019/10/07 14:00:00,30.0000,101230.000000,"GTS_AAXX",0,0
2019/10/07 20:00:00,30.0000,101300.000000,"GTS_AAXX",0,0
2019/10/08 02:00:00,30.0000,101880.000000,"GTS_AAXX",0,0
2019/10/08 08:00:00,30.0000,102360.000000,"GTS_AAXX",0,0
2019/10/08 14:00:00,30.0000,101950.000000,"GTS_AAXX",0,0
2019/10/08 20:00:00,30.0000,101800.000000,"GTS_AAXX",0,0
2019/10/09 02:00:00,30.0000,101630.000000,"GTS_AAXX",0,0
2019/10/09 08:00:00,30.0000,101500.000000,"GTS_AAXX",0,0
2019/10/09 14:00:00,30.0000,100970.000000,"GTS_AAXX",0,0
2019/10/09 20:00:00,30.0000,100960.000000,"GTS_AAXX",0,0
2019/10/10 02:00:00,30.0000,101000.000000,"GTS_AAXX",0,0
2019/10/10 08:00:00,30.0000,101060.000000,"GTS_AAXX",0,0
2019/10/10 14:00:00,30.0000,100970.000000,"GTS_AAXX",0,0
2019/10/10 20:00:00,30.0000,101210.000000,"GTS_AAXX",0,0
2019/10/11 02:00:00,30.0000,101460.000000,"GTS_AAXX",0,0
2019/10/11 08:00:00,30.0000,101730.000000,"GTS_AAXX",0,0
2019/10/11 14:00:00,30.0000,101590.000000,"GTS_AAXX",0,0
2019/10/11 20:00:00,30.0000,101630.000000,"GTS_AAXX",0,0
2019/10/12 02:00:00,30.0000,101790.000000,"GTS_AAXX",0,0
2019/10/12 08:00:00,30.0000,102050.000000,"GTS_AAXX",0,0
2019/10/12 14:00:00,30.0000,101910.000000,"GTS_AAXX",0,0
2019/10/12 20:00:00,30.0000,101950.000000,"GTS_AAXX",0,0
2019/10/13 02:00:00,30.0000,101970.000000,"GTS_AAXX",0,0
2019/10/13 08:00:00,30.0000,102150.000000,"GTS_AAXX",0,0
2019/10/13 14:00:00,30.0000,102490.000000,"GTS_AAXX",0,0
2019/10/13 20:00:00,30.0000,102820.000000,"GTS_AAXX",0,0
2019/10/14 02:00:00,30.0000,103280.000000,"GTS_AAXX",0,0
2019/10/14 08:00:00,30.0000,103490.000000,"GTS_AAXX",0,0
2019/10/14 14:00:00,30.0000,103210.000000,"GTS_AAXX",0,0
2019/10/14 20:00:00,30.0000,103250.000000,"GTS_AAXX",0,0
2019/10/15 02:00:00,30.0000,103260.000000,"GTS_AAXX",0,0
2019/10/15 08:00:00,30.0000,103190.000000,"GTS_AAXX",0,0
2019/10/15 14:00:00,30.0000,102710.000000,"GTS_AAXX",0,0
2019/10/15 20:00:00,30.0000,102600.000000,"GTS_AAXX",0,0
2019/10/16 02:00:00,30.0000,102550.000000,"GTS_AAXX",0,0
2019/10/16 08:00:00,30.0000,102490.000000,"GTS_AAXX",0,0
2019/10/16 14:00:00,30.0000,102200.000000,"GTS_AAXX",0,0
2019/10/16 20:00:00,30.0000,102320.000000,"GTS_AAXX",0,0
2019/10/17 02:00:00,30.0000,102220.000000,"GTS_AAXX",0,0
2019/10/17 08:00:00,30.0000,102290.000000,"GTS_AAXX",0,0
2019/10/17 14:00:00,30.0000,102050.000000,"GTS_AAXX",0,0
2019/10/17 20:00:00,30.0000,102090.000000,"GTS_AAXX",0,0
2019/10/18 02:00:00,30.0000,102040.000000,"GTS_AAXX",0,0
2019/10/18 08:00:00,30.0000,102050.000000,"GTS_AAXX",0,0
2019/10/18 14:00:00,30.0000,101800.000000,"GTS_AAXX",0,0
2019/10/18 20:00:00,30.0000,101820.000000,"GTS_AAXX",0,0
2019/10/19 02:00:00,30.0000,101810.000000,"GTS_AAXX",0,0
2019/10/19 08:00:00,30.0000,101850.000000,"GTS_AAXX",0,0
2019/10/19 14:00:00,30.0000,101580.000000,"GTS_AAXX",0,0
2019/10/19 20:00:00,30.0000,101460.000000,"GTS_AAXX",0,0
2019/10/20 02:00:00,30.0000,101500.000000,"GTS_AAXX",0,0
2019/10/20 08:00:00,30.0000,101660.000000,"GTS_AAXX",0,0
2019/10/20 14:00:00,30.0000,101440.000000,"GTS_AAXX",0,0
2019/10/20 20:00:00,30.0000,101610.000000,"GTS_AAXX",0,0
2019/10/21 02:00:00,30.0000,101730.000000,"GTS_AAXX",0,0
2019/10/21 08:00:00,30.0000,101900.000000,"GTS_AAXX",0,0
2019/10/21 14:00:00,30.0000,101560.000000,"GTS_AAXX",0,0
2019/10/21 20:00:00,30.0000,101480.000000,"GTS_AAXX",0,0
2019/10/22 02:00:00,30.0000,101470.000000,"GTS_AAXX",0,0
2019/10/22 08:00:00,30.0000,101530.000000,"GTS_AAXX",0,0
2019/10/22 14:00:00,30.0000,101300.000000,"GTS_AAXX",0,0
2019/10/22 20:00:00,30.0000,101330.000000,"GTS_AAXX",0,0
2019/10/23 02:00:00,30.0000,101360.000000,"GTS_AAXX",0,0
2019/10/23 08:00:00,30.0000,101470.000000,"GTS_AAXX",0,0
2019/10/23 14:00:00,30.0000,101240.000000,"GTS_AAXX",0,0
2019/10/23 20:00:00,30.0000,101410.000000,"GTS_AAXX",0,0
2019/10/24 02:00:00,30.0000,101510.000000,"GTS_AAXX",0,0
2019/10/24 08:00:00,30.0000,101510.000000,"GTS_AAXX",0,0
2019/10/24 14:00:00,30.0000,101610.000000,"GTS_AAXX",0,0
2019/10/24 20:00:00,30.0000,102070.000000,"GTS_AAXX",0,0
2019/10/25 02:00:00,30.0000,102380.000000,"GTS_AAXX",0,0
2019/10/25 08:00:00,30.0000,102670.000000,"GTS_AAXX",0,0
2019/10/25 14:00:00,30.0000,102320.000000,"GTS_AAXX",0,0
2019/10/25 20:00:00,30.0000,102370.000000,"GTS_AAXX",0,0
2019/10/26 02:00:00,30.0000,102350.000000,"GTS_AAXX",0,0
2019/10/26 08:00:00,30.0000,102150.000000,"GTS_AAXX",0,0
2019/10/26 14:00:00,30.0000,101580.000000,"GTS_AAXX",0,0
2019/10/26 20:00:00,30.0000,101420.000000,"GTS_AAXX",0,0
2019/10/27 02:00:00,30.0000,101380.000000,"GTS_AAXX",0,0
2019/10/27 08:00:00,30.0000,101400.000000,"GTS_AAXX",0,0
2019/10/27 14:00:00,30.0000,100960.000000,"GTS_AAXX",0,0
2019/10/27 20:00:00,30.0000,100780.000000,"GTS_AAXX",0,0
2019/10/28 02:00:00,30.0000,100470.000000,"GTS_AAXX",0,0
2019/10/28 08:00:00,30.0000,100830.000000,"GTS_AAXX",0,0
2019/10/28 14:00:00,30.0000,101140.000000,"GTS_AAXX",0,0
2019/10/28 20:00:00,30.0000,101410.000000,"GTS_AAXX",0,0
2019/10/29 02:00:00,30.0000,101510.000000,"GTS_AAXX",0,0
2019/10/29 08:00:00,30.0000,101580.000000,"GTS_AAXX",0,0
2019/10/29 14:00:00,30.0000,101360.000000,"GTS_AAXX",0,0
2019/10/29 20:00:00,30.0000,101390.000000,"GTS_AAXX",0,0
2019/10/30 02:00:00,30.0000,101340.000000,"GTS_AAXX",0,0
2019/10/30 08:00:00,30.0000,101390.000000,"GTS_AAXX",0,0
2019/10/30 14:00:00,30.0000,101110.000000,"GTS_AAXX",0,0
2019/10/30 20:00:00,30.0000,101210.000000,"GTS_AAXX",0,0
2019/10/31 02:00:00,30.0000,101340.000000,"GTS_AAXX",0,0
2019/10/31 08:00:00,30.0000,101550.000000,"GTS_AAXX",0,0
2019/10/31 14:00:00,30.0000,101470.000000,"GTS_AAXX",0,0
2019/10/31 20:00:00,30.0000,101740.000000,"GTS_AAXX",0,0
2019/11/01 02:00:00,30.0000,102040.000000,"GTS_AAXX",0,0
2019/11/01 08:00:00,30.0000,102340.000000,"GTS_AAXX",0,0
2019/11/01 14:00:00,30.0000,102150.000000,"GTS_AAXX",0,0
2019/11/01 20:00:00,30.0000,102090.000000,"GTS_AAXX",0,0
2019/11/02 02:00:00,30.0000,101900.000000,"GTS_AAXX",0,0
2019/11/02 08:00:00,30.0000,101880.000000,"GTS_AAXX",0,0
2019/11/02 14:00:00,30.0000,101630.000000,"GTS_AAXX",0,0
2019/11/02 20:00:00,30.0000,101800.000000,"GTS_AAXX",0,0
2019/11/03 02:00:00,30.0000,102090.000000,"GTS_AAXX",0,0
2019/11/03 08:00:00,30.0000,102480.000000,"GTS_AAXX",0,0
2019/11/03 14:00:00,30.0000,102440.000000,"GTS_AAXX",0,0
2019/11/03 20:00:00,30.0000,102510.000000,"GTS_AAXX",0,0
2019/11/04 02:00:00,30.0000,102450.000000,"GTS_AAXX",0,0
2019/11/04 08:00:00,30.0000,102420.000000,"GTS_AAXX",0,0
2019/11/04 14:00:00,30.0000,102020.000000,"GTS_AAXX",0,0
2019/11/04 20:00:00,30.0000,101980.000000,"GTS_AAXX",0,0
2019/11/05 02:00:00,30.0000,101930.000000,"GTS_AAXX",0,0
2019/11/05 08:00:00,30.0000,102100.000000,"GTS_AAXX",0,0
2019/11/05 14:00:00,30.0000,101890.000000,"GTS_AAXX",0,0
2019/11/05 20:00:00,30.0000,101860.000000,"GTS_AAXX",0,0
2019/11/06 02:00:00,30.0000,101740.000000,"GTS_AAXX",0,0
2019/11/06 08:00:00,30.0000,101640.000000,"GTS_AAXX",0,0
2019/11/06 14:00:00,30.0000,101260.000000,"GTS_AAXX",0,0
2019/11/06 20:00:00,30.0000,101480.000000,"GTS_AAXX",0,0
2019/11/07 02:00:00,30.0000,101980.000000,"GTS_AAXX",0,0
2019/11/07 08:00:00,30.0000,102500.000000,"GTS_AAXX",0,0
2019/11/07 14:00:00,30.0000,102280.000000,"GTS_AAXX",0,0
2019/11/07 20:00:00,30.0000,102230.000000,"GTS_AAXX",0,0
2019/11/08 02:00:00,30.0000,102180.000000,"GTS_AAXX",0,0
2019/11/08 08:00:00,30.0000,102210.000000,"GTS_AAXX",0,0
2019/11/08 14:00:00,30.0000,101870.000000,"GTS_AAXX",0,0
2019/11/08 20:00:00,30.0000,101920.000000,"GTS_AAXX",0,0
2019/11/09 02:00:00,30.0000,101930.000000,"GTS_AAXX",0,0
2019/11/09 08:00:00,30.0000,101940.000000,"GTS_AAXX",0,0
2019/11/09 14:00:00,30.0000,101390.000000,"GTS_AAXX",0,0
2019/11/09 20:00:00,30.0000,101080.000000,"GTS_AAXX",0,0
2019/11/10 02:00:00,30.0000,100340.000000,"GTS_AAXX",0,0
2019/11/10 08:00:00,30.0000,100310.000000,"GTS_AAXX",0,0
2019/11/10 14:00:00,30.0000,100340.000000,"GTS_AAXX",0,0
2019/11/10 20:00:00,30.0000,100660.000000,"GTS_AAXX",0,0
2019/11/11 02:00:00,30.0000,100920.000000,"GTS_AAXX",0,0
2019/11/11 08:00:00,30.0000,101190.000000,"GTS_AAXX",0,0
2019/11/11 14:00:00,30.0000,101100.000000,"GTS_AAXX",0,0
2019/11/11 20:00:00,30.0000,101230.000000,"GTS_AAXX",0,0
2019/11/12 02:00:00,30.0000,101280.000000,"GTS_AAXX",0,0
2019/11/12 08:00:00,30.0000,101280.000000,"GTS_AAXX",0,0
2019/11/12 14:00:00,30.0000,101030.000000,"GTS_AAXX",0,0
2019/11/12 20:00:00,30.0000,101230.000000,"GTS_AAXX",0,0
2019/11/13 02:00:00,30.0000,101530.000000,"GTS_AAXX",0,0
2019/11/13 08:00:00,30.0000,102180.000000,"GTS_AAXX",0,0
2019/11/13 14:00:00,30.0000,102340.000000,"GTS_AAXX",0,0
2019/11/13 20:00:00,30.0000,102330.000000,"GTS_AAXX",0,0
2019/11/14 02:00:00,30.0000,102220.000000,"GTS_AAXX",0,0
2019/11/14 08:00:00,30.0000,101810.000000,"GTS_AAXX",0,0
2019/11/14 14:00:00,30.0000,101050.000000,"GTS_AAXX",0,0
2019/11/14 20:00:00,30.0000,101120.000000,"GTS_AAXX",0,0
2019/11/15 02:00:00,30.0000,101230.000000,"GTS_AAXX",0,0
2019/11/15 08:00:00,30.0000,101540.000000,"GTS_AAXX",0,0
2019/11/15 14:00:00,30.0000,101350.000000,"GTS_AAXX",0,0
2019/11/15 20:00:00,30.0000,101500.000000,"GTS_AAXX",0,0
2019/11/16 02:00:00,30.0000,101540.000000,"GTS_AAXX",0,0
2019/11/16 08:00:00,30.0000,101690.000000,"GTS_AAXX",0,0
2019/11/16 14:00:00,30.0000,101570.000000,"GTS_AAXX",0,0
2019/11/16 20:00:00,30.0000,101630.000000,"GTS_AAXX",0,0
2019/11/17 02:00:00,30.0000,101560.000000,"GTS_AAXX",0,0
2019/11/17 08:00:00,30.0000,101500.000000,"GTS_AAXX",0,0
2019/11/17 14:00:00,30.0000,101450.000000,"GTS_AAXX",0,0
2019/11/17 20:00:00,30.0000,102470.000000,"GTS_AAXX",0,0
2019/11/18 02:00:00,30.0000,102710.000000,"GTS_AAXX",0,0
2019/11/18 08:00:00,30.0000,102770.000000,"GTS_AAXX",0,0
2019/11/18 14:00:00,30.0000,102300.000000,"GTS_AAXX",0,0
2019/11/18 20:00:00,30.0000,102360.000000,"GTS_AAXX",0,0
2019/11/19 02:00:00,30.0000,102460.000000,"GTS_AAXX",0,0
2019/11/19 08:00:00,30.0000,102560.000000,"GTS_AAXX",0,0
2019/11/19 14:00:00,30.0000,102420.000000,"GTS_AAXX",0,0
2019/11/19 20:00:00,30.0000,102560.000000,"GTS_AAXX",0,0
2019/11/20 02:00:00,30.0000,102550.000000,"GTS_AAXX",0,0
2019/11/20 08:00:00,30.0000,102620.000000,"GTS_AAXX",0,0
2019/11/20 14:00:00,30.0000,102270.000000,"GTS_AAXX",0,0
2019/11/20 20:00:00,30.0000,102400.000000,"GTS_AAXX",0,0
2019/11/21 02:00:00,30.0000,102370.000000,"GTS_AAXX",0,0
2019/11/21 08:00:00,30.0000,102310.000000,"GTS_AAXX",0,0
2019/11/21 14:00:00,30.0000,102080.000000,"GTS_AAXX",0,0
2019/11/21 20:00:00,30.0000,102130.000000,"GTS_AAXX",0,0
2019/11/22 02:00:00,30.0000,102020.000000,"GTS_AAXX",0,0
2019/11/22 08:00:00,30.0000,101910.000000,"GTS_AAXX",0,0
2019/11/22 14:00:00,30.0000,101570.000000,"GTS_AAXX",0,0
2019/11/22 20:00:00,30.0000,101710.000000,"GTS_AAXX",0,0
2019/11/23 02:00:00,30.0000,101550.000000,"GTS_AAXX",0,0
2019/11/23 08:00:00,30.0000,101720.000000,"GTS_AAXX",0,0
2019/11/23 14:00:00,30.0000,101520.000000,"GTS_AAXX",0,0
2019/11/23 20:00:00,30.0000,101810.000000,"GTS_AAXX",0,0
2019/11/24 02:00:00,30.0000,102140.000000,"GTS_AAXX",0,0
2019/11/24 08:00:00,30.0000,103060.000000,"GTS_AAXX",0,0
2019/11/24 14:00:00,30.0000,103300.000000,"GTS_AAXX",0,0
2019/11/24 20:00:00,30.0000,103800.000000,"GTS_AAXX",0,0
2019/11/25 02:00:00,30.0000,103880.000000,"GTS_AAXX",0,0
2019/11/25 08:00:00,30.0000,103770.000000,"GTS_AAXX",0,0
2019/11/25 14:00:00,30.0000,103270.000000,"GTS_AAXX",0,0
2019/11/25 20:00:00,30.0000,103070.000000,"GTS_AAXX",0,0
2019/11/26 02:00:00,30.0000,102870.000000,"GTS_AAXX",0,0
2019/11/26 08:00:00,30.0000,102800.000000,"GTS_AAXX",0,0
2019/11/26 14:00:00,30.0000,102590.000000,"GTS_AAXX",0,0
2019/11/26 20:00:00,30.0000,102930.000000,"GTS_AAXX",0,0
2019/11/27 02:00:00,30.0000,103400.000000,"GTS_AAXX",0,0
2019/11/27 08:00:00,30.0000,103780.000000,"GTS_AAXX",0,0
2019/11/27 14:00:00,30.0000,103530.000000,"GTS_AAXX",0,0
2019/11/27 20:00:00,30.0000,103650.000000,"GTS_AAXX",0,0
2019/11/28 02:00:00,30.0000,103770.000000,"GTS_AAXX",0,0
2019/11/28 08:00:00,30.0000,103690.000000,"GTS_AAXX",0,0
2019/11/28 14:00:00,30.0000,103210.000000,"GTS_AAXX",0,0
2019/11/28 20:00:00,30.0000,103240.000000,"GTS_AAXX",0,0
2019/11/29 02:00:00,30.0000,103240.000000,"GTS_AAXX",0,0
2019/11/29 08:00:00,30.0000,103310.000000,"GTS_AAXX",0,0
2019/11/29 14:00:00,30.0000,103070.000000,"GTS_AAXX",0,0
2019/11/29 20:00:00,30.0000,103030.000000,"GTS_AAXX",0,0
2019/11/30 02:00:00,30.0000,102680.000000,"GTS_AAXX",0,0
2019/11/30 08:00:00,30.0000,102550.000000,"GTS_AAXX",0,0
2019/11/30 14:00:00,30.0000,102350.000000,"GTS_AAXX",0,0
2019/11/30 20:00:00,30.0000,102670.000000,"GTS_AAXX",0,0
2019/12/01 02:00:00,30.0000,102720.000000,"GTS_AAXX",0,0
2019/12/01 08:00:00,30.0000,102630.000000,"GTS_AAXX",0,0
2019/12/01 14:00:00,30.0000,102200.000000,"GTS_AAXX",0,0
2019/12/01 20:00:00,30.0000,102540.000000,"GTS_AAXX",0,0
2019/12/02 02:00:00,30.0000,102780.000000,"GTS_AAXX",0,0
2019/12/02 08:00:00,30.0000,102610.000000,"GTS_AAXX",0,0
2019/12/02 14:00:00,30.0000,102200.000000,"GTS_AAXX",0,0
2019/12/02 20:00:00,30.0000,102190.000000,"GTS_AAXX",0,0
2019/12/03 02:00:00,30.0000,102100.000000,"GTS_AAXX",0,0
2019/12/03 08:00:00,30.0000,102150.000000,"GTS_AAXX",0,0
2019/12/03 14:00:00,30.0000,102030.000000,"GTS_AAXX",0,0
2019/12/03 20:00:00,30.0000,102280.000000,"GTS_AAXX",0,0
2019/12/04 02:00:00,30.0000,102340.000000,"GTS_AAXX",0,0
2019/12/04 08:00:00,30.0000,102340.000000,"GTS_AAXX",0,0
2019/12/04 14:00:00,30.0000,102540.000000,"GTS_AAXX",0,0
2019/12/04 20:00:00,30.0000,102870.000000,"GTS_AAXX",0,0
2019/12/05 02:00:00,30.0000,103460.000000,"GTS_AAXX",0,0
2019/12/05 08:00:00,30.0000,103920.000000,"GTS_AAXX",0,0
2019/12/05 14:00:00,30.0000,103820.000000,"GTS_AAXX",0,0
2019/12/05 20:00:00,30.0000,103960.000000,"GTS_AAXX",0,0
2019/12/06 02:00:00,30.0000,103760.000000,"GTS_AAXX",0,0
2019/12/06 08:00:00,30.0000,103480.000000,"GTS_AAXX",0,0
2019/12/06 14:00:00,30.0000,102930.000000,"GTS_AAXX",0,0
2019/12/06 20:00:00,30.0000,102770.000000,"GTS_AAXX",0,0
2019/12/07 02:00:00,30.0000,102780.000000,"GTS_AAXX",0,0
2019/12/07 08:00:00,30.0000,102870.000000,"GTS_AAXX",0,0
2019/12/07 14:00:00,30.0000,102740.000000,"GTS_AAXX",0,0
2019/12/07 20:00:00,30.0000,102700.000000,"GTS_AAXX",0,0
2019/12/08 02:00:00,30.0000,102480.000000,"GTS_AAXX",0,0
2019/12/08 08:00:00,30.0000,102270.000000,"GTS_AAXX",0,0
2019/12/08 14:00:00,30.0000,101880.000000,"GTS_AAXX",0,0
2019/12/08 20:00:00,30.0000,101850.000000,"GTS_AAXX",0,0
2019/12/09 02:00:00,30.0000,101700.000000,"GTS_AAXX",0,0
2019/12/09 08:00:00,30.0000,101610.000000,"GTS_AAXX",0,0
2019/12/09 14:00:00,30.0000,101420.000000,"GTS_AAXX",0,0
2019/12/09 20:00:00,30.0000,101520.000000,"GTS_AAXX",0,0
2019/12/10 02:00:00,30.0000,101450.000000,"GTS_AAXX",0,0
2019/12/10 08:00:00,30.0000,101350.000000,"GTS_AAXX",0,0
2019/12/10 14:00:00,30.0000,101250.000000,"GTS_AAXX",0,0
2019/12/10 20:00:00,30.0000,101710.000000,"GTS_AAXX",0,0
2019/12/11 02:00:00,30.0000,101770.000000,"GTS_AAXX",0,0
2019/12/11 08:00:00,30.0000,102100.000000,"GTS_AAXX",0,0
2019/12/11 14:00:00,30.0000,102370.000000,"GTS_AAXX",0,0
2019/12/11 20:00:00,30.0000,102590.000000,"GTS_AAXX",0,0
2019/12/12 02:00:00,30.0000,102660.000000,"GTS_AAXX",0,0
2019/12/12 08:00:00,30.0000,102600.000000,"GTS_AAXX",0,0
2019/12/12 14:00:00,30.0000,102210.000000,"GTS_AAXX",0,0
2019/12/12 20:00:00,30.0000,102090.000000,"GTS_AAXX",0,0
2019/12/13 02:00:00,30.0000,101940.000000,"GTS_AAXX",0,0
2019/12/13 08:00:00,30.0000,101960.000000,"GTS_AAXX",0,0
2019/12/13 14:00:00,30.0000,102090.000000,"GTS_AAXX",0,0
2019/12/13 20:00:00,30.0000,102680.000000,"GTS_AAXX",0,0
2019/12/14 02:00:00,30.0000,103030.000000,"GTS_AAXX",0,0
2019/12/14 08:00:00,30.0000,103070.000000,"GTS_AAXX",0,0
2019/12/14 14:00:00,30.0000,102800.000000,"GTS_AAXX",0,0
2019/12/14 20:00:00,30.0000,102620.000000,"GTS_AAXX",0,0
2019/12/15 02:00:00,30.0000,102500.000000,"GTS_AAXX",0,0
2019/12/15 08:00:00,30.0000,102440.000000,"GTS_AAXX",0,0
2019/12/15 14:00:00,30.0000,102260.000000,"GTS_AAXX",0,0
2019/12/15 20:00:00,30.0000,102250.000000,"GTS_AAXX",0,0
2019/12/16 02:00:00,30.0000,102090.000000,"GTS_AAXX",0,0
2019/12/16 08:00:00,30.0000,101730.000000,"GTS_AAXX",0,0
2019/12/16 14:00:00,30.0000,101340.000000,"GTS_AAXX",0,0
2019/12/16 20:00:00,30.0000,101510.000000,"GTS_AAXX",0,0
2019/12/17 02:00:00,30.0000,101890.000000,"GTS_AAXX",0,0
2019/12/17 08:00:00,30.0000,102440.000000,"GTS_AAXX",0,0
2019/12/17 14:00:00,30.0000,102620.000000,"GTS_AAXX",0,0
2019/12/17 20:00:00,30.0000,102950.000000,"GTS_AAXX",0,0
2019/12/18 02:00:00,30.0000,103060.000000,"GTS_AAXX",0,0
2019/12/18 08:00:00,30.0000,103030.000000,"GTS_AAXX",0,0
2019/12/18 14:00:00,30.0000,102620.000000,"GTS_AAXX",0,0
2019/12/18 20:00:00,30.0000,102610.000000,"GTS_AAXX",0,0
2019/12/19 02:00:00,30.0000,102520.000000,"GTS_AAXX",0,0
2019/12/19 08:00:00,30.0000,102640.000000,"GTS_AAXX",0,0
2019/12/19 14:00:00,30.0000,102720.000000,"GTS_AAXX",0,0
2019/12/19 20:00:00,30.0000,102950.000000,"GTS_AAXX",0,0
2019/12/20 02:00:00,30.0000,102880.000000,"GTS_AAXX",0,0
2019/12/20 08:00:00,30.0000,102760.000000,"GTS_AAXX",0,0
2019/12/20 14:00:00,30.0000,102280.000000,"GTS_AAXX",0,0
2019/12/20 20:00:00,30.0000,102290.000000,"GTS_AAXX",0,0
2019/12/21 02:00:00,30.0000,102260.000000,"GTS_AAXX",0,0
2019/12/21 08:00:00,30.0000,102260.000000,"GTS_AAXX",0,0
2019/12/21 14:00:00,30.0000,102000.000000,"GTS_AAXX",0,0
2019/12/21 20:00:00,30.0000,101980.000000,"GTS_AAXX",0,0
2019/12/22 02:00:00,30.0000,101770.000000,"GTS_AAXX",0,0
2019/12/22 08:00:00,30.0000,101710.000000,"GTS_AAXX",0,0
2019/12/22 14:00:00,30.0000,101510.000000,"GTS_AAXX",0,0
2019/12/22 20:00:00,30.0000,101910.000000,"GTS_AAXX",0,0
2019/12/23 02:00:00,30.0000,102190.000000,"GTS_AAXX",0,0
2019/12/23 08:00:00,30.0000,102580.000000,"GTS_AAXX",0,0
2019/12/23 14:00:00,30.0000,102520.000000,"GTS_AAXX",0,0
2019/12/23 20:00:00,30.0000,102670.000000,"GTS_AAXX",0,0
2019/12/24 02:00:00,30.0000,102680.000000,"GTS_AAXX",0,0
2019/12/24 08:00:00,30.0000,102530.000000,"GTS_AAXX",0,0
2019/12/24 14:00:00,30.0000,102130.000000,"GTS_AAXX",0,0
2019/12/24 20:00:00,30.0000,102060.000000,"GTS_AAXX",0,0
2019/12/25 02:00:00,30.0000,102110.000000,"GTS_AAXX",0,0
2019/12/25 08:00:00,30.0000,102230.000000,"GTS_AAXX",0,0
2019/12/25 14:00:00,30.0000,102040.000000,"GTS_AAXX",0,0
2019/12/25 20:00:00,30.0000,102410.000000,"GTS_AAXX",0,0
2019/12/26 02:00:00,30.0000,102440.000000,"GTS_AAXX",0,0
2019/12/26 08:00:00,30.0000,102370.000000,"GTS_AAXX",0,0
2019/12/26 14:00:00,30.0000,102110.000000,"GTS_AAXX",0,0
2019/12/26 20:00:00,30.0000,102180.000000,"GTS_AAXX",0,0
2019/12/27 02:00:00,30.0000,102060.000000,"GTS_AAXX",0,0
2019/12/27 08:00:00,30.0000,101920.000000,"GTS_AAXX",0,0
2019/12/27 14:00:00,30.0000,101580.000000,"GTS_AAXX",0,0
2019/12/27 20:00:00,30.0000,101760.000000,"GTS_AAXX",0,0
2019/12/28 02:00:00,30.0000,101810.000000,"GTS_AAXX",0,0
2019/12/28 08:00:00,30.0000,101760.000000,"GTS_AAXX",0,0
2019/12/28 14:00:00,30.0000,101490.000000,"GTS_AAXX",0,0
2019/12/28 20:00:00,30.0000,101590.000000,"GTS_AAXX",0,0
2019/12/29 02:00:00,30.0000,101440.000000,"GTS_AAXX",0,0
2019/12/29 08:00:00,30.0000,101490.000000,"GTS_AAXX",0,0
2019/12/29 14:00:00,30.0000,101490.000000,"GTS_AAXX",0,0
2019/12/29 20:00:00,30.0000,102270.000000,"GTS_AAXX",0,0
2019/12/30 02:00:00,30.0000,102970.000000,"GTS_AAXX",0,0
2019/12/30 08:00:00,30.0000,103500.000000,"GTS_AAXX",0,0
2019/12/30 14:00:00,30.0000,103560.000000,"GTS_AAXX",0,0
2019/12/30 20:00:00,30.0000,104070.000000,"GTS_AAXX",0,0
2019/12/31 02:00:00,30.0000,104050.000000,"GTS_AAXX",0,0
2019/12/31 08:00:00,30.0000,103800.000000,"GTS_AAXX",0,0
2019/12/31 14:00:00,30.0000,103220.000000,"GTS_AAXX",0,0
2019/12/31 20:00:00,30.0000,102970.000000,"GTS_AAXX",0,0
2020/01/01 02:00:00,30.0000,102930.000000,"GTS_AAXX",0,0
2020/01/01 08:00:00,30.0000,102880.000000,"GTS_AAXX",-1,0
2020/01/01 14:00:00,30.0000,102650.000000,"GTS_AAXX",-1,0
2020/01/01 20:00:00,30.0000,102800.000000,"GTS_AAXX",-1,0
2020/01/02 02:00:00,30.0000,102790.000000,"GTS_AAXX",-1,0
2020/01/02 08:00:00,30.0000,102790.000000,"GTS_AAXX",-1,0
2020/01/02 14:00:00,30.0000,102590.000000,"GTS_AAXX",-1,0
2020/01/02 20:00:00,30.0000,102740.000000,"GTS_AAXX",-1,0
2020/01/03 02:00:00,30.0000,102670.000000,"GTS_AAXX",-1,0
2020/01/03 08:00:00,30.0000,102640.000000,"GTS_AAXX",-1,0
2020/01/03 14:00:00,30.0000,102330.000000,"GTS_AAXX",-1,0
2020/01/03 20:00:00,30.0000,102340.000000,"GTS_AAXX",-1,0
2020/01/04 02:00:00,30.0000,102310.000000,"GTS_AAXX",-1,0
2020/01/04 08:00:00,30.0000,102390.000000,"GTS_AAXX",-1,0
2020/01/04 14:00:00,30.0000,102410.000000,"GTS_AAXX",-1,0
2020/01/04 20:00:00,30.0000,102640.000000,"GTS_AAXX",-1,0
2020/01/05 02:00:00,30.0000,102800.000000,"GTS_AAXX",-1,0
2020/01/05 08:00:00,30.0000,102810.000000,"GTS_AAXX",-1,0
2020/01/05 14:00:00,30.0000,102640.000000,"GTS_AAXX",-1,0
2020/01/05 20:00:00,30.0000,102640.000000,"GTS_AAXX",-1,0
2020/01/06 02:00:00,30.0000,102450.000000,"GTS_AAXX",-1,0
2020/01/06 08:00:00,30.0000,102260.000000,"GTS_AAXX",-1,0
2020/01/06 14:00:00,30.0000,102030.000000,"GTS_AAXX",-1,0
2020/01/06 20:00:00,30.0000,102080.000000,"GTS_AAXX",-1,0
2020/01/07 02:00:00,30.0000,102190.000000,"GTS_AAXX",-1,0
2020/01/07 08:00:00,30.0000,102270.000000,"GTS_AAXX",-1,0
2020/01/07 14:00:00,30.0000,102040.000000,"GTS_AAXX",-1,0
2020/01/07 20:00:00,30.0000,102170.000000,"GTS_AAXX",-1,0
2020/01/08 02:00:00,30.0000,102440.000000,"GTS_AAXX",-1,0
2020/01/08 08:00:00,30.0000,102620.000000,"GTS_AAXX",-1,0
2020/01/08 14:00:00,30.0000,102420.000000,"GTS_AAXX",-1,0
2020/01/08 20:00:00,30.0000,102550.000000,"GTS_AAXX",-1,0
2020/01/09 02:00:00,30.0000,102520.000000,"GTS_AAXX",-1,0
2020/01/09 08:00:00,30.0000,102490.000000,"GTS_AAXX",-1,0
2020/01/09 14:00:00,30.0000,102230.000000,"GTS_AAXX",-1,0
2020/01/09 20:00:00,30.0000,102290.000000,"GTS_AAXX",-1,0
2020/01/10 02:00:00,30.0000,102330.000000,"GTS_AAXX",-1,0
2020/01/10 08:00:00,30.0000,102270.000000,"GTS_AAXX",-1,0
2020/01/10 14:00:00,30.0000,102040.000000,"GTS_AAXX",-1,0
2020/01/10 20:00:00,30.0000,102190.000000,"GTS_AAXX",-1,0
2020/01/11 02:00:00,30.0000,102400.000000,"GTS_AAXX",-1,0
2020/01/11 08:00:00,30.0000,102450.000000,"GTS_AAXX",-1,0
2020/01/11 14:00:00,30.0000,102250.000000,"GTS_AAXX",-1,0
2020/01/11 20:00:00,30.0000,102270.000000,"GTS_AAXX",-1,0
2020/01/12 02:00:00,30.0000,102170.000000,"GTS_AAXX",-1,0
2020/01/12 08:00:00,30.0000,102190.000000,"GTS_AAXX",-1,0
2020/01/12 14:00:00,30.0000,101940.000000,"GTS_AAXX",-1,0
2020/01/12 20:00:00,30.0000,102080.000000,"GTS_AAXX",-1,0
2020/01/13 02:00:00,30.0000,102140.000000,"GTS_AAXX",-1,0
2020/01/13 08:00:00,30.0000,102270.000000,"GTS_AAXX",-1,0
2020/01/13 14:00:00,30.0000,102150.000000,"GTS_AAXX",-1,0
2020/01/13 20:00:00,30.0000,102400.000000,"GTS_AAXX",-1,0
2020/01/14 02:00:00,30.0000,102610.000000,"GTS_AAXX",-1,0
2020/01/14 08:00:00,30.0000,102710.000000,"GTS_AAXX",-1,0
2020/01/14 14:00:00,30.0000,102530.000000,"GTS_AAXX",-1,0
2020/01/14 20:00:00,30.0000,102660.000000,"GTS_AAXX",-1,0
2020/01/15 02:00:00,30.0000,102700.000000,"GTS_AAXX",-1,0
2020/01/15 08:00:00,30.0000,102720.000000,"GTS_AAXX",-1,0
2020/01/15 14:00:00,30.0000,102520.000000,"GTS_AAXX",-1,0
2020/01/15 20:00:00,30.0000,102660.000000,"GTS_AAXX",-1,0
2020/01/16 02:00:00,30.0000,102740.000000,"GTS_AAXX",-1,0
2020/01/16 08:00:00,30.0000,102860.000000,"GTS_AAXX",-1,0
2020/01/16 14:00:00,30.0000,102660.000000,"GTS_AAXX",-1,0
2020/01/16 20:00:00,30.0000,102690.000000,"GTS_AAXX",-1,0
2020/01/17 02:00:00,30.0000,102590.000000,"GTS_AAXX",-1,0
2020/01/17 08:00:00,30.0000,102510.000000,"GTS_AAXX",-1,0
2020/01/17 14:00:00,30.0000,102190.000000,"GTS_AAXX",-1,0
2020/01/17 20:00:00,30.0000,102290.000000,"GTS_AAXX",-1,0
2020/01/18 02:00:00,30.0000,102240.000000,"GTS_AAXX",-1,0
2020/01/18 08:00:00,30.0000,102130.000000,"GTS_AAXX",-1,0
2020/01/18 14:00:00,30.0000,101780.000000,"GTS_AAXX",-1,0
2020/01/18 20:00:00,30.0000,101800.000000,"GTS_AAXX",-1,0
2020/01/19 02:00:00,30.0000,101930.000000,"GTS_AAXX",-1,0
2020/01/19 08:00:00,30.0000,101900.000000,"GTS_AAXX",-1,0
2020/01/19 14:00:00,30.0000,101600.000000,"GTS_AAXX",-1,0
2020/01/19 20:00:00,30.0000,101790.000000,"GTS_AAXX",-1,0
2020/01/20 02:00:00,30.0000,102080.000000,"GTS_AAXX",-1,0
2020/01/20 08:00:00,30.0000,102360.000000,"GTS_AAXX",-1,0
2020/01/20 14:00:00,30.0000,102280.000000,"GTS_AAXX",-1,0
2020/01/20 20:00:00,30.0000,102370.000000,"GTS_AAXX",-1,0
2020/01/21 02:00:00,30.0000,102360.000000,"GTS_AAXX",-1,0
2020/01/21 08:00:00,30.0000,102300.000000,"GTS_AAXX",-1,0
2020/01/21 14:00:00,30.0000,102030.000000,"GTS_AAXX",-1,0
2020/01/21 20:00:00,30.0000,102050.000000,"GTS_AAXX",-1,0
2020/01/22 02:00:00,30.0000,102000.000000,"GTS_AAXX",-1,0
2020/01/22 08:00:00,30.0000,101970.000000,"GTS_AAXX",-1,0
2020/01/22 14:00:00,30.0000,101920.000000,"GTS_AAXX",-1,0
2020/01/22 20:00:00,30.0000,101980.000000,"GTS_AAXX",-1,0
2020/01/23 02:00:00,30.0000,102130.000000,"GTS_AAXX",-1,0
2020/01/23 08:00:00,30.0000,102310.000000,"GTS_AAXX",-1,0
2020/01/23 14:00:00,30.0000,102400.000000,"GTS_AAXX",-1,0
2020/01/23 20:00:00,30.0000,102820.000000,"GTS_AAXX",-1,0
2020/01/24 02:00:00,30.0000,103400.000000,"GTS_AAXX",-1,0
2020/01/24 08:00:00,30.0000,103550.000000,"GTS_AAXX",-1,0
2020/01/24 14:00:00,30.0000,103310.000000,"GTS_AAXX",-1,0
2020/01/24 20:00:00,30.0000,103250.000000,"GTS_AAXX",-1,0
2020/01/25 02:00:00,30.0000,103200.000000,"GTS_AAXX",-1,0
2020/01/25 08:00:00,30.0000,103050.000000,"GTS_AAXX",-1,0
2020/01/25 14:00:00,30.0000,102830.000000,"GTS_AAXX",-1,0
2020/01/25 20:00:00,30.0000,102920.000000,"GTS_AAXX",-1,0
2020/01/26 02:00:00,30.0000,102960.000000,"GTS_AAXX",-1,0
2020/01/26 08:00:00,30.0000,103080.000000,"GTS_AAXX",-1,0
2020/01/26 14:00:00,30.0000,102800.000000,"GTS_AAXX",-1,0
2020/01/26 20:00:00,30.0000,102750.000000,"GTS_AAXX",-1,0
2020/01/27 02:00:00,30.0000,102490.000000,"GTS_AAXX",-1,0
2020/01/27 08:00:00,30.0000,102280.000000,"GTS_AAXX",-1,0
2020/01/27 14:00:00,30.0000,101980.000000,"GTS_AAXX",-1,0
2020/01/27 20:00:00,30.0000,102000.000000,"GTS_AAXX",-1,0
2020/01/28 02:00:00,30.0000,102040.000000,"GTS_AAXX",-1,0
2020/01/28 08:00:00,30.0000,102070.000000,"GTS_AAXX",-1,0
2020/01/28 14:00:00,30.0000,102010.000000,"GTS_AAXX",-1,0
2020/01/28 20:00:00,30.0000,102210.000000,"GTS_AAXX",-1,0
2020/01/29 02:00:00,30.0000,102280.000000,"GTS_AAXX",-1,0
2020/01/29 08:00:00,30.0000,102270.000000,"GTS_AAXX",-1,0
2020/01/29 14:00:00,30.0000,102030.000000,"GTS_AAXX",-1,0
2020/01/29 20:00:00,30.0000,102200.000000,"GTS_AAXX",-1,0
2020/01/30 02:00:00,30.0000,102280.000000,"GTS_AAXX",-1,0
2020/01/30 08:00:00,30.0000,102340.000000,"GTS_AAXX",-1,0
2020/01/30 14:00:00,30.0000,102060.000000,"GTS_AAXX",-1,0
2020/01/30 20:00:00,30.0000,102000.000000,"GTS_AAXX",-1,0
2020/01/31 02:00:00,30.0000,101950.000000,"GTS_AAXX",-1,0
2020/01/31 08:00:00,30.0000,101960.000000,"GTS_AAXX",-1,0
2020/01/31 14:00:00,30.0000,101720.000000,"GTS_AAXX",-1,0
2020/01/31 20:00:00,30.0000,102040.000000,"GTS_AAXX",-1,0
2020/02/01 02:00:00,30.0000,102350.000000,"GTS_AAXX",-1,0
2020/02/01 08:00:00,30.0000,102690.000000,"GTS_AAXX",-1,0
2020/02/01 14:00:00,30.0000,102460.000000,"GTS_AAXX",-1,0
2020/02/01 20:00:00,30.0000,102490.000000,"GTS_AAXX",-1,0
2020/02/02 02:00:00,30.0000,102530.000000,"GTS_AAXX",-1,0
2020/02/02 08:00:00,30.0000,102410.000000,"GTS_AAXX",-1,0
2020/02/02 14:00:00,30.0000,102310.000000,"GTS_AAXX",-1,0
2020/02/02 20:00:00,30.0000,102650.000000,"GTS_AAXX",-1,0
2020/02/03 02:00:00,30.0000,102800.000000,"GTS_AAXX",-1,0
2020/02/03 08:00:00,30.0000,102750.000000,"GTS_AAXX",-1,0
2020/02/03 14:00:00,30.0000,102190.000000,"GTS_AAXX",-1,0
2020/02/03 20:00:00,30.0000,102040.000000,"GTS_AAXX",-1,0
2020/02/04 02:00:00,30.0000,102200.000000,"GTS_AAXX",-1,0
2020/02/04 08:00:00,30.0000,102640.000000,"GTS_AAXX",-1,0
2020/02/04 14:00:00,30.0000,102580.000000,"GTS_AAXX",-1,0
2020/02/04 20:00:00,30.0000,102850.000000,"GTS_AAXX",-1,0
2020/02/05 02:00:00,30.0000,103160.000000,"GTS_AAXX",-1,0
2020/02/05 08:00:00,30.0000,103400.000000,"GTS_AAXX",-1,0
2020/02/05 14:00:00,30.0000,103220.000000,"GTS_AAXX",-1,0
2020/02/05 20:00:00,30.0000,103320.000000,"GTS_AAXX",-1,0
2020/02/06 02:00:00,30.0000,103390.000000,"GTS_AAXX",-1,0
2020/02/06 08:00:00,30.0000,103330.000000,"GTS_AAXX",-1,0
2020/02/06 14:00:00,30.0000,102950.000000,"GTS_AAXX",-1,0
2020/02/06 20:00:00,30.0000,102860.000000,"GTS_AAXX",-1,0
2020/02/07 02:00:00,30.0000,102770.000000,"GTS_AAXX",-1,0
2020/02/07 08:00:00,30.0000,102760.000000,"GTS_AAXX",-1,0
2020/02/07 14:00:00,30.0000,102510.000000,"GTS_AAXX",-1,0
2020/02/07 20:00:00,30.0000,102670.000000,"GTS_AAXX",-1,0
2020/02/08 02:00:00,30.0000,102800.000000,"GTS_AAXX",-1,0
2020/02/08 08:00:00,30.0000,102860.000000,"GTS_AAXX",-1,0
2020/02/08 14:00:00,30.0000,102710.000000,"GTS_AAXX",-1,0
2020/02/08 20:00:00,30.0000,102680.000000,"GTS_AAXX",-1,0
2020/02/09 02:00:00,30.0000,102480.000000,"GTS_AAXX",-1,0
2020/02/09 08:00:00,30.0000,102200.000000,"GTS_AAXX",-1,0
2020/02/09 14:00:00,30.0000,101800.000000,"GTS_AAXX",-1,0
2020/02/09 20:00:00,30.0000,101700.000000,"GTS_AAXX",-1,0
2020/02/10 02:00:00,30.0000,101650.000000,"GTS_AAXX",-1,0
2020/02/10 08:00:00,30.0000,101600.000000,"GTS_AAXX",-1,0
2020/02/10 14:00:00,30.0000,101350.000000,"GTS_AAXX",-1,0
2020/02/10 20:00:00,30.0000,101470.000000,"GTS_AAXX",-1,0
2020/02/11 02:00:00,30.0000,101560.000000,"GTS_AAXX",-1,0
2020/02/11 08:00:00,30.0000,101630.000000,"GTS_AAXX",-1,0
2020/02/11 14:00:00,30.0000,101360.000000,"GTS_AAXX",-1,0
2020/02/11 20:00:00,30.0000,101360.000000,"GTS_AAXX",-1,0
2020/02/12 02:00:00,30.0000,101330.000000,"GTS_AAXX",-1,0
2020/02/12 08:00:00,30.0000,101240.000000,"GTS_AAXX",-1,0
2020/02/12 14:00:00,30.0000,100900.000000,"GTS_AAXX",-1,0
2020/02/12 20:00:00,30.0000,100920.000000,"GTS_AAXX",-1,0
2020/02/13 02:00:00,30.0000,100860.000000,"GTS_AAXX",-1,0
2020/02/13 08:00:00,30.0000,100900.000000,"GTS_AAXX",-1,0
2020/02/13 14:00:00,30.0000,100760.000000,"GTS_AAXX",-1,0
2020/02/13 20:00:00,30.0000,101040.000000,"GTS_AAXX",-1,0
2020/02/14 02:00:00,30.0000,101170.000000,"GTS_AAXX",-1,0
2020/02/14 08:00:00,30.0000,101820.000000,"GTS_AAXX",-1,0
2020/02/14 14:00:00,30.0000,102120.000000,"GTS_AAXX",-1,0
2020/02/14 20:00:00,30.0000,102680.000000,"GTS_AAXX",-1,0
2020/02/15 02:00:00,30.0000,102960.000000,"GTS_AAXX",-1,0
2020/02/15 08:00:00,30.0000,102930.000000,"GTS_AAXX",-1,0
2020/02/15 14:00:00,30.0000,102610.000000,"GTS_AAXX",-1,0
2020/02/15 20:00:00,30.0000,102680.000000,"GTS_AAXX",-1,0
2020/02/16 02:00:00,30.0000,102560.000000,"GTS_AAXX",-1,0
2020/02/16 08:00:00,30.0000,102510.000000,"GTS_AAXX",-1,0
